-- ============================================================================
-- AUTO-GENERATED TEST DATA IMPORT
-- ============================================================================
-- Diese Datei wurde automatisch mit build-import-sql.sh generiert
-- Um Testdaten zu deaktivieren: import.sql -> import.sql.disabled umbenennen
-- ============================================================================

-- ============================================================================
-- PRODUCTS AND NUTRITION FACTS TEST DATA
-- ============================================================================
-- 50 realistische Produkte mit Nährwertangaben
-- ============================================================================

-- Snacks & Süßigkeiten
INSERT INTO PRODUCT (BARCODE, NAME, BRAND, IMAGE_URL) VALUES
('5000159484237', 'Snickers Bar', 'Mars', 'https://images.openfoodfacts.org/images/products/500/015/948/4237/front_en.jpg'),
('40111445', 'KitKat 4 Finger', 'Nestlé', 'https://images.openfoodfacts.org/images/products/40111445/front_en.jpg'),
('7622210449283', 'Milka Alpenmilch', 'Milka', 'https://images.openfoodfacts.org/images/products/762/221/044/9283/front_de.jpg'),
('4000417025005', 'Hanuta', 'Ferrero', 'https://images.openfoodfacts.org/images/products/400/041/702/5005/front_de.jpg'),
('5449000000996', 'Coca-Cola Classic', 'Coca-Cola', 'https://images.openfoodfacts.org/images/products/544/900/000/0996/front_en.jpg'),
('5449000214911', 'Fanta Orange', 'Fanta', 'https://images.openfoodfacts.org/images/products/544/900/021/4911/front_en.jpg'),
('4008400402123', 'Prinzenrolle', 'De Beukelaer', 'https://images.openfoodfacts.org/images/products/400/840/040/2123/front_de.jpg'),
('4000400127600', 'Toffifee', 'Storck', 'https://images.openfoodfacts.org/images/products/400/040/012/7600/front_de.jpg'),
('8000500037560', 'Nutella', 'Ferrero', 'https://images.openfoodfacts.org/images/products/800/050/003/7560/front_en.jpg'),
('4014400916324', 'Haribo Goldbären', 'Haribo', 'https://images.openfoodfacts.org/images/products/401/440/091/6324/front_de.jpg');

INSERT INTO NUTRITION_FACTS (BARCODE, KCAL_100G) VALUES
('5000159484237', 488.0),  -- Snickers
('40111445', 518.0),       -- KitKat
('7622210449283', 530.0),  -- Milka
('4000417025005', 560.0),  -- Hanuta
('5449000000996', 42.0),   -- Coca-Cola
('5449000214911', 38.0),   -- Fanta
('4008400402123', 495.0),  -- Prinzenrolle
('4000400127600', 460.0),  -- Toffifee
('8000500037560', 539.0),  -- Nutella
('4014400916324', 343.0);  -- Haribo

-- Chips & Salzsnacks
INSERT INTO PRODUCT (BARCODE, NAME, BRAND, IMAGE_URL) VALUES
('4001724818809', 'Funny-frisch Chipsfrisch gesalzen', 'Funny-frisch', 'https://images.openfoodfacts.org/images/products/400/172/481/8809/front_de.jpg'),
('4001724005001', 'Funny-frisch Chipsletten', 'Funny-frisch', 'https://images.openfoodfacts.org/images/products/400/172/400/5001/front_de.jpg'),
('5053990101764', 'Pringles Original', 'Pringles', 'https://images.openfoodfacts.org/images/products/505/399/010/1764/front_en.jpg'),
('8710398025456', 'Lay''s Classic', 'Lay''s', 'https://images.openfoodfacts.org/images/products/871/039/802/5456/front_en.jpg'),
('4260173781403', 'Chio Chips Red Paprika', 'Chio', 'https://images.openfoodfacts.org/images/products/426/017/378/1403/front_de.jpg');

INSERT INTO NUTRITION_FACTS (BARCODE, KCAL_100G) VALUES
('4001724818809', 525.0),  -- Funny-frisch gesalzen
('4001724005001', 522.0),  -- Chipsletten
('5053990101764', 536.0),  -- Pringles
('8710398025456', 533.0),  -- Lay's
('4260173781403', 530.0);  -- Chio Red Paprika

-- Frühstück & Cerealien
INSERT INTO PRODUCT (BARCODE, NAME, BRAND, IMAGE_URL) VALUES
('5000354854392', 'Kellogg''s Corn Flakes', 'Kellogg''s', 'https://images.openfoodfacts.org/images/products/500/035/485/4392/front_en.jpg'),
('7613033089089', 'Nestlé Fitness', 'Nestlé', 'https://images.openfoodfacts.org/images/products/761/303/308/9089/front_de.jpg'),
('7613035937253', 'Nestlé Lion Cereals', 'Nestlé', 'https://images.openfoodfacts.org/images/products/761/303/593/7253/front_en.jpg'),
('7622210743664', 'Milka Löffel Ei', 'Milka', 'https://images.openfoodfacts.org/images/products/762/221/074/3664/front_de.jpg'),
('8410076472106', 'Choco Krispies', 'Kellogg''s', 'https://images.openfoodfacts.org/images/products/841/007/647/2106/front_en.jpg');

INSERT INTO NUTRITION_FACTS (BARCODE, KCAL_100G) VALUES
('5000354854392', 357.0),  -- Corn Flakes
('7613033089089', 375.0),  -- Fitness
('7613035937253', 417.0),  -- Lion Cereals
('7622210743664', 535.0),  -- Löffel Ei
('8410076472106', 391.0);  -- Choco Krispies

-- Milchprodukte & Joghurt
INSERT INTO PRODUCT (BARCODE, NAME, BRAND, IMAGE_URL) VALUES
('4000400131119', 'Danone Fruchtzwerge Erdbeere', 'Danone', 'https://images.openfoodfacts.org/images/products/400/040/013/1119/front_de.jpg'),
('4025500021412', 'Müller Milchreis Original', 'Müller', 'https://images.openfoodfacts.org/images/products/402/550/002/1412/front_de.jpg'),
('4025500021207', 'Müller Milch Schoko', 'Müller', 'https://images.openfoodfacts.org/images/products/402/550/002/1207/front_de.jpg'),
('7613033493195', 'Nesquik Schoko-Drink', 'Nestlé', 'https://images.openfoodfacts.org/images/products/761/303/349/3195/front_de.jpg'),
('4000400121783', 'Ehrmann Almighurt Erdbeere', 'Ehrmann', 'https://images.openfoodfacts.org/images/products/400/040/012/1783/front_de.jpg');

INSERT INTO NUTRITION_FACTS (BARCODE, KCAL_100G) VALUES
('4000400131119', 102.0),  -- Fruchtzwerge
('4025500021412', 112.0),  -- Müller Milchreis
('4025500021207', 70.0),   -- Müller Milch Schoko
('7613033493195', 73.0),   -- Nesquik
('4000400121783', 87.0);   -- Almighurt

-- Pizza & Fertiggerichte
INSERT INTO PRODUCT (BARCODE, NAME, BRAND, IMAGE_URL) VALUES
('4001724825005', 'Wagner Steinofen Pizza Salami', 'Wagner', 'https://images.openfoodfacts.org/images/products/400/172/482/5005/front_de.jpg'),
('4003880011452', 'Dr. Oetker Ristorante Pizza Margherita', 'Dr. Oetker', 'https://images.openfoodfacts.org/images/products/400/388/001/1452/front_de.jpg'),
('4311596484294', 'Original Wagner Die Backfrische Pizza Hawaii', 'Wagner', 'https://images.openfoodfacts.org/images/products/431/159/648/4294/front_de.jpg'),
('5410063011854', 'Maggi Ravioli in Tomatensoße', 'Maggi', 'https://images.openfoodfacts.org/images/products/541/006/301/1854/front_de.jpg'),
('4056489011293', 'Iglo Chicken Nuggets', 'Iglo', 'https://images.openfoodfacts.org/images/products/405/648/901/1293/front_de.jpg');

INSERT INTO NUTRITION_FACTS (BARCODE, KCAL_100G) VALUES
('4001724825005', 259.0),  -- Wagner Steinofen Salami
('4003880011452', 225.0),  -- Dr. Oetker Margherita
('4311596484294', 217.0),  -- Wagner Hawaii
('5410063011854', 90.0),   -- Ravioli
('4056489011293', 236.0);  -- Chicken Nuggets

-- Backwaren & Kekse
INSERT INTO PRODUCT (BARCODE, NAME, BRAND, IMAGE_URL) VALUES
('4000446015187', 'Bahlsen Leibniz Butterkeks', 'Bahlsen', 'https://images.openfoodfacts.org/images/products/400/044/601/5187/front_de.jpg'),
('4000446010007', 'Bahlsen Pick Up Choco', 'Bahlsen', 'https://images.openfoodfacts.org/images/products/400/044/601/0007/front_de.jpg'),
('7622210449900', 'Milka Choco Wafer', 'Milka', 'https://images.openfoodfacts.org/images/products/762/221/044/9900/front_de.jpg'),
('8410100017686', 'Oreo Original', 'Oreo', 'https://images.openfoodfacts.org/images/products/841/010/001/7686/front_en.jpg'),
('4011100003699', 'Kinder Bueno', 'Ferrero', 'https://images.openfoodfacts.org/images/products/401/110/000/3699/front_de.jpg');

INSERT INTO NUTRITION_FACTS (BARCODE, KCAL_100G) VALUES
('4000446015187', 432.0),  -- Leibniz
('4000446010007', 486.0),  -- Pick Up
('7622210449900', 524.0),  -- Choco Wafer
('8410100017686', 478.0),  -- Oreo
('4011100003699', 574.0);  -- Kinder Bueno

-- Getränke & Energy Drinks
INSERT INTO PRODUCT (BARCODE, NAME, BRAND, IMAGE_URL) VALUES
('9002491000223', 'Red Bull Energy Drink', 'Red Bull', 'https://images.openfoodfacts.org/images/products/900/249/100/0223/front_en.jpg'),
('5449000214799', 'Sprite', 'Sprite', 'https://images.openfoodfacts.org/images/products/544/900/021/4799/front_en.jpg'),
('8410128002862', 'Aquarius Lemon', 'Aquarius', 'https://images.openfoodfacts.org/images/products/841/012/800/2862/front_en.jpg'),
('4260231221476', 'Fritz-Kola', 'Fritz', 'https://images.openfoodfacts.org/images/products/426/023/122/1476/front_de.jpg'),
('5449000133335', 'Fanta Lemon', 'Fanta', 'https://images.openfoodfacts.org/images/products/544/900/013/3335/front_en.jpg');

INSERT INTO NUTRITION_FACTS (BARCODE, KCAL_100G) VALUES
('9002491000223', 45.0),   -- Red Bull
('5449000214799', 37.0),   -- Sprite
('8410128002862', 26.0),   -- Aquarius
('4260231221476', 41.0),   -- Fritz-Kola
('5449000133335', 40.0);   -- Fanta Lemon

-- Eis & Desserts
INSERT INTO PRODUCT (BARCODE, NAME, BRAND, IMAGE_URL) VALUES
('4000467026003', 'Langnese Magnum Classic', 'Langnese', 'https://images.openfoodfacts.org/images/products/400/046/702/6003/front_de.jpg'),
('4056489000846', 'Langnese Cornetto Classico', 'Langnese', 'https://images.openfoodfacts.org/images/products/405/648/900/0846/front_de.jpg'),
('8712100663048', 'Ben & Jerry''s Cookie Dough', 'Ben & Jerry''s', 'https://images.openfoodfacts.org/images/products/871/210/066/3048/front_en.jpg'),
('5000159459227', 'Mars Ice Cream', 'Mars', 'https://images.openfoodfacts.org/images/products/500/015/945/9227/front_en.jpg'),
('4056489016914', 'Langnese Cremissimo Vanille', 'Langnese', 'https://images.openfoodfacts.org/images/products/405/648/901/6914/front_de.jpg');

INSERT INTO NUTRITION_FACTS (BARCODE, KCAL_100G) VALUES
('4000467026003', 329.0),  -- Magnum Classic
('4056489000846', 280.0),  -- Cornetto
('8712100663048', 257.0),  -- Ben & Jerry's
('5000159459227', 260.0),  -- Mars Ice
('4056489016914', 203.0);  -- Cremissimo



-- ============================================================================
-- PLAYERS TEST DATA
-- ============================================================================
-- 150 diverse Spieler mit kreativen Nicknames
-- ============================================================================

INSERT INTO PLAYER (PLAYER_ID, NICKNAME, CREATED_AT) VALUES
-- Top Players
('550e8400-e29b-41d4-a716-446655440001', 'NutriMaster', '2025-01-15 10:30:00'),
('550e8400-e29b-41d4-a716-446655440002', 'CalorieKing', '2025-01-16 14:22:00'),
('550e8400-e29b-41d4-a716-446655440003', 'HealthyGamer', '2025-01-18 09:15:00'),
('550e8400-e29b-41d4-a716-446655440004', 'FoodExpert', '2025-01-20 16:45:00'),
('550e8400-e29b-41d4-a716-446655440005', 'MacroTracker', '2025-01-22 11:20:00'),
('550e8400-e29b-41d4-a716-446655440006', 'GuessingPro', '2025-01-23 19:05:00'),
('550e8400-e29b-41d4-a716-446655440007', 'NutritionNinja', '2025-01-25 08:33:00'),
('550e8400-e29b-41d4-a716-446655440008', 'SnackDetective', '2025-01-26 13:18:00'),
('550e8400-e29b-41d4-a716-446655440009', 'KcalKnight', '2025-01-28 17:42:00'),
('550e8400-e29b-41d4-a716-446655440010', 'FitnessFoodie', '2025-01-30 20:55:00'),

-- Regular Players
('550e8400-e29b-41d4-a716-446655440011', 'ChocolateLover', '2025-02-01 10:12:00'),
('550e8400-e29b-41d4-a716-446655440012', 'PizzaHunter', '2025-02-01 11:23:00'),
('550e8400-e29b-41d4-a716-446655440013', 'SaladMaster', '2025-02-01 14:35:00'),
('550e8400-e29b-41d4-a716-446655440014', 'BurgerFan', '2025-02-02 09:44:00'),
('550e8400-e29b-41d4-a716-446655440015', 'VeggieWarrior', '2025-02-02 12:56:00'),
('550e8400-e29b-41d4-a716-446655440016', 'SushiSamurai', '2025-02-02 15:07:00'),
('550e8400-e29b-41d4-a716-446655440017', 'PastaKing', '2025-02-03 08:18:00'),
('550e8400-e29b-41d4-a716-446655440018', 'TacoTuesday', '2025-02-03 11:29:00'),
('550e8400-e29b-41d4-a716-446655440019', 'IceCreamDream', '2025-02-03 14:40:00'),
('550e8400-e29b-41d4-a716-446655440020', 'CookieCrusher', '2025-02-04 09:51:00'),
('550e8400-e29b-41d4-a716-446655440021', 'DonutDestroyer', '2025-02-04 13:02:00'),
('550e8400-e29b-41d4-a716-446655440022', 'FruitNinja', '2025-02-04 16:13:00'),
('550e8400-e29b-41d4-a716-446655440023', 'BreadBaron', '2025-02-05 10:24:00'),
('550e8400-e29b-41d4-a716-446655440024', 'CheeseChampion', '2025-02-05 13:35:00'),
('550e8400-e29b-41d4-a716-446655440025', 'MilkshakeMania', '2025-02-05 16:46:00'),
('550e8400-e29b-41d4-a716-446655440026', 'PopcornPro', '2025-02-06 09:57:00'),
('550e8400-e29b-41d4-a716-446655440027', 'NachoNinja', '2025-02-06 13:08:00'),
('550e8400-e29b-41d4-a716-446655440028', 'WaffleWizard', '2025-02-06 16:19:00'),
('550e8400-e29b-41d4-a716-446655440029', 'PancakePro', '2025-02-07 10:30:00'),
('550e8400-e29b-41d4-a716-446655440030', 'BaconBoss', '2025-02-07 13:41:00'),

-- More Players
('550e8400-e29b-41d4-a716-446655440031', 'CerealKiller', '2025-02-07 16:52:00'),
('550e8400-e29b-41d4-a716-446655440032', 'YogurtYoda', '2025-02-08 10:03:00'),
('550e8400-e29b-41d4-a716-446655440033', 'SmoothieSage', '2025-02-08 13:14:00'),
('550e8400-e29b-41d4-a716-446655440034', 'ChipsChampion', '2025-02-08 16:25:00'),
('550e8400-e29b-41d4-a716-446655440035', 'CandyCrusher', '2025-02-09 10:36:00'),
('550e8400-e29b-41d4-a716-446655440036', 'GummyBearGuru', '2025-02-09 13:47:00'),
('550e8400-e29b-41d4-a716-446655440037', 'ChocolateChief', '2025-02-09 16:58:00'),
('550e8400-e29b-41d4-a716-446655440038', 'LollipopLegend', '2025-02-10 11:09:00'),
('550e8400-e29b-41d4-a716-446655440039', 'MarshmallowMaster', '2025-02-10 14:20:00'),
('550e8400-e29b-41d4-a716-446655440040', 'BrownieBoss', '2025-02-10 17:31:00'),
('550e8400-e29b-41d4-a716-446655440041', 'CupcakeKing', '2025-02-11 11:42:00'),
('550e8400-e29b-41d4-a716-446655440042', 'MuffinMaestro', '2025-02-11 14:53:00'),
('550e8400-e29b-41d4-a716-446655440043', 'CroissantCaptain', '2025-02-11 18:04:00'),
('550e8400-e29b-41d4-a716-446655440044', 'BaguetteBaron', '2025-02-12 08:15:00'),
('550e8400-e29b-41d4-a716-446655440045', 'PretzelPro', '2025-02-12 11:26:00'),

-- Casual Players
('550e8400-e29b-41d4-a716-446655440046', 'HotdogHero', '2025-02-01 08:00:00'),
('550e8400-e29b-41d4-a716-446655440047', 'RamenRuler', '2025-02-01 09:30:00'),
('550e8400-e29b-41d4-a716-446655440048', 'NoodleNinja', '2025-02-01 11:00:00'),
('550e8400-e29b-41d4-a716-446655440049', 'DumplingDuke', '2025-02-01 13:30:00'),
('550e8400-e29b-41d4-a716-446655440050', 'SpringRollSage', '2025-02-01 15:00:00'),
('550e8400-e29b-41d4-a716-446655440051', 'WontonWarrior', '2025-02-02 08:30:00'),
('550e8400-e29b-41d4-a716-446655440052', 'DimSumDynamo', '2025-02-02 10:00:00'),
('550e8400-e29b-41d4-a716-446655440053', 'PotatoPrince', '2025-02-02 12:30:00'),
('550e8400-e29b-41d4-a716-446655440054', 'FriesFanatic', '2025-02-02 14:00:00'),
('550e8400-e29b-41d4-a716-446655440055', 'OnionRingOverlord', '2025-02-02 16:30:00'),
('550e8400-e29b-41d4-a716-446655440056', 'MozzarellaMonarch', '2025-02-03 09:00:00'),
('550e8400-e29b-41d4-a716-446655440057', 'ParmesanPrince', '2025-02-03 11:30:00'),
('550e8400-e29b-41d4-a716-446655440058', 'CheddarChief', '2025-02-03 13:00:00'),
('550e8400-e29b-41d4-a716-446655440059', 'GoudaGuru', '2025-02-03 15:30:00'),
('550e8400-e29b-41d4-a716-446655440060', 'BrieBarron', '2025-02-03 17:00:00'),

-- More Diverse Players
('550e8400-e29b-41d4-a716-446655440061', 'AvocadoAce', '2025-02-04 08:00:00'),
('550e8400-e29b-41d4-a716-446655440062', 'TomatoTitan', '2025-02-04 10:30:00'),
('550e8400-e29b-41d4-a716-446655440063', 'CucumberKing', '2025-02-04 12:00:00'),
('550e8400-e29b-41d4-a716-446655440064', 'CarrotCrusader', '2025-02-04 14:30:00'),
('550e8400-e29b-41d4-a716-446655440065', 'BroccoliBlast', '2025-02-04 16:00:00'),
('550e8400-e29b-41d4-a716-446655440066', 'SpinachSamurai', '2025-02-05 08:30:00'),
('550e8400-e29b-41d4-a716-446655440067', 'KaleKnight', '2025-02-05 10:00:00'),
('550e8400-e29b-41d4-a716-446655440068', 'LettuceLegend', '2025-02-05 12:30:00'),
('550e8400-e29b-41d4-a716-446655440069', 'PepperPaladin', '2025-02-05 14:00:00'),
('550e8400-e29b-41d4-a716-446655440070', 'OnionOracle', '2025-02-05 16:30:00'),
('550e8400-e29b-41d4-a716-446655440071', 'GarlicGladiator', '2025-02-06 08:00:00'),
('550e8400-e29b-41d4-a716-446655440072', 'MushroomMage', '2025-02-06 10:30:00'),
('550e8400-e29b-41d4-a716-446655440073', 'ZucchiniZealot', '2025-02-06 12:00:00'),
('550e8400-e29b-41d4-a716-446655440074', 'EggplantEmperor', '2025-02-06 14:30:00'),
('550e8400-e29b-41d4-a716-446655440075', 'AsparagusArcher', '2025-02-06 16:00:00'),
('550e8400-e29b-41d4-a716-446655440076', 'CornCommander', '2025-02-07 08:30:00'),
('550e8400-e29b-41d4-a716-446655440077', 'PeaPrince', '2025-02-07 10:00:00'),
('550e8400-e29b-41d4-a716-446655440078', 'BeanBaron', '2025-02-07 12:30:00'),
('550e8400-e29b-41d4-a716-446655440079', 'LentilLord', '2025-02-07 14:00:00'),
('550e8400-e29b-41d4-a716-446655440080', 'ChickpeaChampion', '2025-02-07 16:30:00'),

-- Fruit Themed Players
('550e8400-e29b-41d4-a716-446655440081', 'AppleAdmiral', '2025-02-08 08:00:00'),
('550e8400-e29b-41d4-a716-446655440082', 'BananaBoss', '2025-02-08 10:30:00'),
('550e8400-e29b-41d4-a716-446655440083', 'OrangeOverlord', '2025-02-08 12:00:00'),
('550e8400-e29b-41d4-a716-446655440084', 'GrapeGeneral', '2025-02-08 14:30:00'),
('550e8400-e29b-41d4-a716-446655440085', 'StrawberrySultan', '2025-02-08 16:00:00'),
('550e8400-e29b-41d4-a716-446655440086', 'BlueberryBaron', '2025-02-09 08:30:00'),
('550e8400-e29b-41d4-a716-446655440087', 'RaspberryRex', '2025-02-09 10:00:00'),
('550e8400-e29b-41d4-a716-446655440088', 'MangoMaster', '2025-02-09 12:30:00'),
('550e8400-e29b-41d4-a716-446655440089', 'PineapplePrince', '2025-02-09 14:00:00'),
('550e8400-e29b-41d4-a716-446655440090', 'WatermelonWizard', '2025-02-09 16:30:00'),
('550e8400-e29b-41d4-a716-446655440091', 'KiwiKing', '2025-02-10 08:00:00'),
('550e8400-e29b-41d4-a716-446655440092', 'PeachPaladin', '2025-02-10 10:30:00'),
('550e8400-e29b-41d4-a716-446655440093', 'PlumPrince', '2025-02-10 12:00:00'),
('550e8400-e29b-41d4-a716-446655440094', 'CherryChief', '2025-02-10 14:30:00'),
('550e8400-e29b-41d4-a716-446655440095', 'LemonLegend', '2025-02-10 16:00:00'),

-- Game-Themed Names
('550e8400-e29b-41d4-a716-446655440096', 'PixelPizza', '2025-02-11 08:30:00'),
('550e8400-e29b-41d4-a716-446655440097', 'ByteBurger', '2025-02-11 10:00:00'),
('550e8400-e29b-41d4-a716-446655440098', 'CodeCookie', '2025-02-11 12:30:00'),
('550e8400-e29b-41d4-a716-446655440099', 'DataDonut', '2025-02-11 14:00:00'),
('550e8400-e29b-41d4-a716-446655440100', 'AlgoAppetite', '2025-02-11 16:30:00'),

-- Additional Players (101-150)
('550e8400-e29b-41d4-a716-446655440101', 'QuickGuesser', '2025-01-17 10:00:00'),
('550e8400-e29b-41d4-a716-446655440102', 'SlowEater', '2025-01-19 14:00:00'),
('550e8400-e29b-41d4-a716-446655440103', 'FastFoodie', '2025-01-21 16:00:00'),
('550e8400-e29b-41d4-a716-446655440104', 'RandomPicker', '2025-01-24 11:00:00'),
('550e8400-e29b-41d4-a716-446655440105', 'LuckyGuess', '2025-01-27 13:00:00'),
('550e8400-e29b-41d4-a716-446655440106', 'NutriNerd', '2025-01-29 15:00:00'),
('550e8400-e29b-41d4-a716-446655440107', 'CalorieCounter', '2025-01-31 17:00:00'),
('550e8400-e29b-41d4-a716-446655440108', 'HealthHunter', '2025-02-01 19:00:00'),
('550e8400-e29b-41d4-a716-446655440109', 'FoodieExplorer', '2025-02-02 21:00:00'),
('550e8400-e29b-41d4-a716-446655440110', 'SnackSeeker', '2025-02-03 07:00:00'),
('550e8400-e29b-41d4-a716-446655440111', 'MealMaster', '2025-02-04 09:00:00'),
('550e8400-e29b-41d4-a716-446655440112', 'DietDetective', '2025-02-05 11:00:00'),
('550e8400-e29b-41d4-a716-446655440113', 'PortionPatrol', '2025-02-06 13:00:00'),
('550e8400-e29b-41d4-a716-446655440114', 'ServingSheriff', '2025-02-07 15:00:00'),
('550e8400-e29b-41d4-a716-446655440115', 'MacroManiac', '2025-02-08 17:00:00'),
('550e8400-e29b-41d4-a716-446655440116', 'MicroMaster', '2025-02-09 19:00:00'),
('550e8400-e29b-41d4-a716-446655440117', 'VitaminViking', '2025-02-10 21:00:00'),
('550e8400-e29b-41d4-a716-446655440118', 'MineralMage', '2025-02-11 07:00:00'),
('550e8400-e29b-41d4-a716-446655440119', 'ProteinPro', '2025-02-11 09:00:00'),
('550e8400-e29b-41d4-a716-446655440120', 'CarbCollector', '2025-02-11 11:00:00'),
('550e8400-e29b-41d4-a716-446655440121', 'FatFinder', '2025-02-11 13:00:00'),
('550e8400-e29b-41d4-a716-446655440122', 'FiberFan', '2025-02-11 15:00:00'),
('550e8400-e29b-41d4-a716-446655440123', 'SugarSeeker', '2025-02-11 17:00:00'),
('550e8400-e29b-41d4-a716-446655440124', 'SaltScout', '2025-02-11 19:00:00'),
('550e8400-e29b-41d4-a716-446655440125', 'SpiceSpecialist', '2025-02-11 21:00:00'),
('550e8400-e29b-41d4-a716-446655440126', 'HerbHunter', '2025-02-12 06:00:00'),
('550e8400-e29b-41d4-a716-446655440127', 'FlavorFinder', '2025-02-12 08:00:00'),
('550e8400-e29b-41d4-a716-446655440128', 'TasteTester', '2025-02-12 10:00:00'),
('550e8400-e29b-41d4-a716-446655440129', 'BiteBlaster', '2025-02-12 12:00:00'),
('550e8400-e29b-41d4-a716-446655440130', 'ChewChampion', '2025-02-12 14:00:00'),
('550e8400-e29b-41d4-a716-446655440131', 'CrunchCrusader', '2025-02-01 07:30:00'),
('550e8400-e29b-41d4-a716-446655440132', 'MunchMaster', '2025-02-01 09:45:00'),
('550e8400-e29b-41d4-a716-446655440133', 'NibbleNinja', '2025-02-01 11:15:00'),
('550e8400-e29b-41d4-a716-446655440134', 'GobbleGuru', '2025-02-01 13:45:00'),
('550e8400-e29b-41d4-a716-446655440135', 'DevourDuke', '2025-02-01 15:15:00'),
('550e8400-e29b-41d4-a716-446655440136', 'FeastFighter', '2025-02-02 08:45:00'),
('550e8400-e29b-41d4-a716-446655440137', 'BuffetBaron', '2025-02-02 10:15:00'),
('550e8400-e29b-41d4-a716-446655440138', 'SmorgasbordSage', '2025-02-02 12:45:00'),
('550e8400-e29b-41d4-a716-446655440139', 'BanquetBoss', '2025-02-02 14:15:00'),
('550e8400-e29b-41d4-a716-446655440140', 'PicnicPrince', '2025-02-02 16:45:00'),
('550e8400-e29b-41d4-a716-446655440141', 'BrunchBaron', '2025-02-03 09:15:00'),
('550e8400-e29b-41d4-a716-446655440142', 'DinnerDuke', '2025-02-03 11:45:00'),
('550e8400-e29b-41d4-a716-446655440143', 'LunchLord', '2025-02-03 13:15:00'),
('550e8400-e29b-41d4-a716-446655440144', 'BreakfastBoss', '2025-02-03 15:45:00'),
('550e8400-e29b-41d4-a716-446655440145', 'SupperSultan', '2025-02-03 17:15:00'),
('550e8400-e29b-41d4-a716-446655440146', 'AppetiteAce', '2025-02-04 07:45:00'),
('550e8400-e29b-41d4-a716-446655440147', 'HungerHero', '2025-02-04 10:15:00'),
('550e8400-e29b-41d4-a716-446655440148', 'CravingCrusher', '2025-02-04 12:45:00'),
('550e8400-e29b-41d4-a716-446655440149', 'TummyTitan', '2025-02-04 15:15:00'),
('550e8400-e29b-41d4-a716-446655440150', 'BellyBaron', '2025-02-04 17:45:00');



-- ============================================================================
-- GAME SESSIONS TEST DATA - 120 Sessions
-- ============================================================================
-- Top 50 Sessions (Platz 1-50)
INSERT INTO GAME_SESSION (SESSION_ID, PLAYER_ID, STARTED_AT, ENDED_AT, TOTAL_SCORE) VALUES 
('650e8400-e29b-41d4-a716-446655440001', '550e8400-e29b-41d4-a716-446655440001', '2025-02-10 14:00:00', '2025-02-10 14:15:00', 4850),
('650e8400-e29b-41d4-a716-446655440002', '550e8400-e29b-41d4-a716-446655440002', '2025-02-10 15:00:00', '2025-02-10 15:14:00', 4720),
('650e8400-e29b-41d4-a716-446655440003', '550e8400-e29b-41d4-a716-446655440003', '2025-02-10 16:00:00', '2025-02-10 16:13:00', 4590),
('650e8400-e29b-41d4-a716-446655440004', '550e8400-e29b-41d4-a716-446655440004', '2025-02-10 17:00:00', '2025-02-10 17:12:00', 4480),
('650e8400-e29b-41d4-a716-446655440005', '550e8400-e29b-41d4-a716-446655440005', '2025-02-10 18:00:00', '2025-02-10 18:16:00', 4360),
('650e8400-e29b-41d4-a716-446655440006', '550e8400-e29b-41d4-a716-446655440006', '2025-02-10 19:00:00', '2025-02-10 19:14:00', 4250),
('650e8400-e29b-41d4-a716-446655440007', '550e8400-e29b-41d4-a716-446655440007', '2025-02-10 20:00:00', '2025-02-10 20:15:00', 4130),
('650e8400-e29b-41d4-a716-446655440008', '550e8400-e29b-41d4-a716-446655440008', '2025-02-11 09:00:00', '2025-02-11 09:13:00', 4020),
('650e8400-e29b-41d4-a716-446655440009', '550e8400-e29b-41d4-a716-446655440009', '2025-02-11 10:00:00', '2025-02-11 10:12:00', 3910),
('650e8400-e29b-41d4-a716-446655440010', '550e8400-e29b-41d4-a716-446655440010', '2025-02-11 11:00:00', '2025-02-11 11:14:00', 3800),
('650e8400-e29b-41d4-a716-446655440011', '550e8400-e29b-41d4-a716-446655440011', '2025-02-11 12:00:00', '2025-02-11 12:16:00', 3690),
('650e8400-e29b-41d4-a716-446655440012', '550e8400-e29b-41d4-a716-446655440012', '2025-02-11 13:00:00', '2025-02-11 13:15:00', 3580),
('650e8400-e29b-41d4-a716-446655440013', '550e8400-e29b-41d4-a716-446655440013', '2025-02-11 14:00:00', '2025-02-11 14:13:00', 3470),
('650e8400-e29b-41d4-a716-446655440014', '550e8400-e29b-41d4-a716-446655440014', '2025-02-11 15:00:00', '2025-02-11 15:14:00', 3360),
('650e8400-e29b-41d4-a716-446655440015', '550e8400-e29b-41d4-a716-446655440015', '2025-02-11 16:00:00', '2025-02-11 16:12:00', 3250),
('650e8400-e29b-41d4-a716-446655440016', '550e8400-e29b-41d4-a716-446655440016', '2025-02-11 17:00:00', '2025-02-11 17:15:00', 3140),
('650e8400-e29b-41d4-a716-446655440017', '550e8400-e29b-41d4-a716-446655440017', '2025-02-11 18:00:00', '2025-02-11 18:13:00', 3030),
('650e8400-e29b-41d4-a716-446655440018', '550e8400-e29b-41d4-a716-446655440018', '2025-02-11 19:00:00', '2025-02-11 19:14:00', 2920),
('650e8400-e29b-41d4-a716-446655440019', '550e8400-e29b-41d4-a716-446655440019', '2025-02-11 20:00:00', '2025-02-11 20:12:00', 2810),
('650e8400-e29b-41d4-a716-446655440020', '550e8400-e29b-41d4-a716-446655440020', '2025-02-12 08:00:00', '2025-02-12 08:15:00', 2700),
('650e8400-e29b-41d4-a716-446655440021', '550e8400-e29b-41d4-a716-446655440021', '2025-02-12 09:00:00', '2025-02-12 09:13:00', 2600),
('650e8400-e29b-41d4-a716-446655440022', '550e8400-e29b-41d4-a716-446655440022', '2025-02-12 10:00:00', '2025-02-12 10:14:00', 2500),
('650e8400-e29b-41d4-a716-446655440023', '550e8400-e29b-41d4-a716-446655440023', '2025-02-12 11:00:00', '2025-02-12 11:12:00', 2400),
('650e8400-e29b-41d4-a716-446655440024', '550e8400-e29b-41d4-a716-446655440024', '2025-02-10 08:00:00', '2025-02-10 08:15:00', 2320),
('650e8400-e29b-41d4-a716-446655440025', '550e8400-e29b-41d4-a716-446655440025', '2025-02-10 09:00:00', '2025-02-10 09:13:00', 2240),
('650e8400-e29b-41d4-a716-446655440026', '550e8400-e29b-41d4-a716-446655440026', '2025-02-10 10:00:00', '2025-02-10 10:14:00', 2160),
('650e8400-e29b-41d4-a716-446655440027', '550e8400-e29b-41d4-a716-446655440027', '2025-02-10 11:00:00', '2025-02-10 11:12:00', 2080),
('650e8400-e29b-41d4-a716-446655440028', '550e8400-e29b-41d4-a716-446655440028', '2025-02-10 12:00:00', '2025-02-10 12:15:00', 2000),
('650e8400-e29b-41d4-a716-446655440029', '550e8400-e29b-41d4-a716-446655440029', '2025-02-10 13:00:00', '2025-02-10 13:13:00', 1950),
('650e8400-e29b-41d4-a716-446655440030', '550e8400-e29b-41d4-a716-446655440030', '2025-02-09 14:00:00', '2025-02-09 14:14:00', 1900),
('650e8400-e29b-41d4-a716-446655440031', '550e8400-e29b-41d4-a716-446655440031', '2025-02-09 15:00:00', '2025-02-09 15:12:00', 1850),
('650e8400-e29b-41d4-a716-446655440032', '550e8400-e29b-41d4-a716-446655440032', '2025-02-09 16:00:00', '2025-02-09 16:15:00', 1800),
('650e8400-e29b-41d4-a716-446655440033', '550e8400-e29b-41d4-a716-446655440033', '2025-02-09 17:00:00', '2025-02-09 17:13:00', 1750),
('650e8400-e29b-41d4-a716-446655440034', '550e8400-e29b-41d4-a716-446655440034', '2025-02-09 18:00:00', '2025-02-09 18:14:00', 1700),
('650e8400-e29b-41d4-a716-446655440035', '550e8400-e29b-41d4-a716-446655440035', '2025-02-09 19:00:00', '2025-02-09 19:12:00', 1650),
('650e8400-e29b-41d4-a716-446655440036', '550e8400-e29b-41d4-a716-446655440036', '2025-02-09 20:00:00', '2025-02-09 20:15:00', 1600),
('650e8400-e29b-41d4-a716-446655440037', '550e8400-e29b-41d4-a716-446655440037', '2025-02-08 08:00:00', '2025-02-08 08:13:00', 1550),
('650e8400-e29b-41d4-a716-446655440038', '550e8400-e29b-41d4-a716-446655440038', '2025-02-08 09:00:00', '2025-02-08 09:14:00', 1500),
('650e8400-e29b-41d4-a716-446655440039', '550e8400-e29b-41d4-a716-446655440039', '2025-02-08 10:00:00', '2025-02-08 10:12:00', 1470),
('650e8400-e29b-41d4-a716-446655440040', '550e8400-e29b-41d4-a716-446655440040', '2025-02-08 11:00:00', '2025-02-08 11:15:00', 1440),
('650e8400-e29b-41d4-a716-446655440041', '550e8400-e29b-41d4-a716-446655440041', '2025-02-08 12:00:00', '2025-02-08 12:13:00', 1410),
('650e8400-e29b-41d4-a716-446655440042', '550e8400-e29b-41d4-a716-446655440042', '2025-02-08 13:00:00', '2025-02-08 13:14:00', 1380),
('650e8400-e29b-41d4-a716-446655440043', '550e8400-e29b-41d4-a716-446655440043', '2025-02-08 14:00:00', '2025-02-08 14:12:00', 1350),
('650e8400-e29b-41d4-a716-446655440044', '550e8400-e29b-41d4-a716-446655440044', '2025-02-08 15:00:00', '2025-02-08 15:15:00', 1320),
('650e8400-e29b-41d4-a716-446655440045', '550e8400-e29b-41d4-a716-446655440045', '2025-02-08 16:00:00', '2025-02-08 16:13:00', 1290),
('650e8400-e29b-41d4-a716-446655440046', '550e8400-e29b-41d4-a716-446655440046', '2025-02-08 17:00:00', '2025-02-08 17:14:00', 1260),
('650e8400-e29b-41d4-a716-446655440047', '550e8400-e29b-41d4-a716-446655440047', '2025-02-08 18:00:00', '2025-02-08 18:12:00', 1230),
('650e8400-e29b-41d4-a716-446655440048', '550e8400-e29b-41d4-a716-446655440048', '2025-02-08 19:00:00', '2025-02-08 19:15:00', 1200),
('650e8400-e29b-41d4-a716-446655440049', '550e8400-e29b-41d4-a716-446655440049', '2025-02-08 20:00:00', '2025-02-08 20:13:00', 1180),
('650e8400-e29b-41d4-a716-446655440050', '550e8400-e29b-41d4-a716-446655440050', '2025-02-07 08:00:00', '2025-02-07 08:14:00', 1160);
-- Sessions 51-100
INSERT INTO GAME_SESSION (SESSION_ID, PLAYER_ID, STARTED_AT, ENDED_AT, TOTAL_SCORE) VALUES 
('650e8400-e29b-41d4-a716-446655440051', '550e8400-e29b-41d4-a716-446655440051', '2025-02-07 09:00:00', '2025-02-07 09:12:00', 1140),
('650e8400-e29b-41d4-a716-446655440052', '550e8400-e29b-41d4-a716-446655440052', '2025-02-07 10:00:00', '2025-02-07 10:15:00', 1120),
('650e8400-e29b-41d4-a716-446655440053', '550e8400-e29b-41d4-a716-446655440053', '2025-02-07 11:00:00', '2025-02-07 11:13:00', 1100),
('650e8400-e29b-41d4-a716-446655440054', '550e8400-e29b-41d4-a716-446655440054', '2025-02-07 12:00:00', '2025-02-07 12:14:00', 1080),
('650e8400-e29b-41d4-a716-446655440055', '550e8400-e29b-41d4-a716-446655440055', '2025-02-07 13:00:00', '2025-02-07 13:12:00', 1060),
('650e8400-e29b-41d4-a716-446655440056', '550e8400-e29b-41d4-a716-446655440056', '2025-02-07 14:00:00', '2025-02-07 14:15:00', 1040),
('650e8400-e29b-41d4-a716-446655440057', '550e8400-e29b-41d4-a716-446655440057', '2025-02-07 15:00:00', '2025-02-07 15:13:00', 1020),
('650e8400-e29b-41d4-a716-446655440058', '550e8400-e29b-41d4-a716-446655440058', '2025-02-07 16:00:00', '2025-02-07 16:14:00', 1000),
('650e8400-e29b-41d4-a716-446655440059', '550e8400-e29b-41d4-a716-446655440059', '2025-02-07 17:00:00', '2025-02-07 17:12:00', 980),
('650e8400-e29b-41d4-a716-446655440060', '550e8400-e29b-41d4-a716-446655440060', '2025-02-07 18:00:00', '2025-02-07 18:15:00', 960),
('650e8400-e29b-41d4-a716-446655440061', '550e8400-e29b-41d4-a716-446655440061', '2025-02-06 08:00:00', '2025-02-06 08:13:00', 940),
('650e8400-e29b-41d4-a716-446655440062', '550e8400-e29b-41d4-a716-446655440062', '2025-02-06 09:00:00', '2025-02-06 09:14:00', 920),
('650e8400-e29b-41d4-a716-446655440063', '550e8400-e29b-41d4-a716-446655440063', '2025-02-06 10:00:00', '2025-02-06 10:12:00', 900),
('650e8400-e29b-41d4-a716-446655440064', '550e8400-e29b-41d4-a716-446655440064', '2025-02-06 11:00:00', '2025-02-06 11:15:00', 880),
('650e8400-e29b-41d4-a716-446655440065', '550e8400-e29b-41d4-a716-446655440065', '2025-02-06 12:00:00', '2025-02-06 12:13:00', 860),
('650e8400-e29b-41d4-a716-446655440066', '550e8400-e29b-41d4-a716-446655440066', '2025-02-06 13:00:00', '2025-02-06 13:14:00', 840),
('650e8400-e29b-41d4-a716-446655440067', '550e8400-e29b-41d4-a716-446655440067', '2025-02-06 14:00:00', '2025-02-06 14:12:00', 820),
('650e8400-e29b-41d4-a716-446655440068', '550e8400-e29b-41d4-a716-446655440068', '2025-02-06 15:00:00', '2025-02-06 15:15:00', 800),
('650e8400-e29b-41d4-a716-446655440069', '550e8400-e29b-41d4-a716-446655440069', '2025-02-06 16:00:00', '2025-02-06 16:13:00', 780),
('650e8400-e29b-41d4-a716-446655440070', '550e8400-e29b-41d4-a716-446655440070', '2025-02-06 17:00:00', '2025-02-06 17:14:00', 760),
('650e8400-e29b-41d4-a716-446655440071', '550e8400-e29b-41d4-a716-446655440071', '2025-02-05 08:00:00', '2025-02-05 08:12:00', 740),
('650e8400-e29b-41d4-a716-446655440072', '550e8400-e29b-41d4-a716-446655440072', '2025-02-05 09:00:00', '2025-02-05 09:15:00', 720),
('650e8400-e29b-41d4-a716-446655440073', '550e8400-e29b-41d4-a716-446655440073', '2025-02-05 10:00:00', '2025-02-05 10:13:00', 700),
('650e8400-e29b-41d4-a716-446655440074', '550e8400-e29b-41d4-a716-446655440074', '2025-02-05 11:00:00', '2025-02-05 11:14:00', 680),
('650e8400-e29b-41d4-a716-446655440075', '550e8400-e29b-41d4-a716-446655440075', '2025-02-05 12:00:00', '2025-02-05 12:12:00', 660),
('650e8400-e29b-41d4-a716-446655440076', '550e8400-e29b-41d4-a716-446655440076', '2025-02-05 13:00:00', '2025-02-05 13:15:00', 640),
('650e8400-e29b-41d4-a716-446655440077', '550e8400-e29b-41d4-a716-446655440077', '2025-02-05 14:00:00', '2025-02-05 14:13:00', 620),
('650e8400-e29b-41d4-a716-446655440078', '550e8400-e29b-41d4-a716-446655440078', '2025-02-05 15:00:00', '2025-02-05 15:14:00', 600),
('650e8400-e29b-41d4-a716-446655440079', '550e8400-e29b-41d4-a716-446655440079', '2025-02-05 16:00:00', '2025-02-05 16:12:00', 580),
('650e8400-e29b-41d4-a716-446655440080', '550e8400-e29b-41d4-a716-446655440080', '2025-02-05 17:00:00', '2025-02-05 17:15:00', 560),
('650e8400-e29b-41d4-a716-446655440081', '550e8400-e29b-41d4-a716-446655440081', '2025-02-04 08:00:00', '2025-02-04 08:13:00', 540),
('650e8400-e29b-41d4-a716-446655440082', '550e8400-e29b-41d4-a716-446655440082', '2025-02-04 09:00:00', '2025-02-04 09:14:00', 520),
('650e8400-e29b-41d4-a716-446655440083', '550e8400-e29b-41d4-a716-446655440083', '2025-02-04 10:00:00', '2025-02-04 10:12:00', 500),
('650e8400-e29b-41d4-a716-446655440084', '550e8400-e29b-41d4-a716-446655440084', '2025-02-04 11:00:00', '2025-02-04 11:15:00', 480),
('650e8400-e29b-41d4-a716-446655440085', '550e8400-e29b-41d4-a716-446655440085', '2025-02-04 12:00:00', '2025-02-04 12:13:00', 460),
('650e8400-e29b-41d4-a716-446655440086', '550e8400-e29b-41d4-a716-446655440086', '2025-02-04 13:00:00', '2025-02-04 13:14:00', 440),
('650e8400-e29b-41d4-a716-446655440087', '550e8400-e29b-41d4-a716-446655440087', '2025-02-04 14:00:00', '2025-02-04 14:12:00', 420),
('650e8400-e29b-41d4-a716-446655440088', '550e8400-e29b-41d4-a716-446655440088', '2025-02-04 15:00:00', '2025-02-04 15:15:00', 400),
('650e8400-e29b-41d4-a716-446655440089', '550e8400-e29b-41d4-a716-446655440089', '2025-02-04 16:00:00', '2025-02-04 16:13:00', 380),
('650e8400-e29b-41d4-a716-446655440090', '550e8400-e29b-41d4-a716-446655440090', '2025-02-04 17:00:00', '2025-02-04 17:14:00', 360),
('650e8400-e29b-41d4-a716-446655440091', '550e8400-e29b-41d4-a716-446655440091', '2025-02-03 08:00:00', '2025-02-03 08:12:00', 340),
('650e8400-e29b-41d4-a716-446655440092', '550e8400-e29b-41d4-a716-446655440092', '2025-02-03 09:00:00', '2025-02-03 09:15:00', 320),
('650e8400-e29b-41d4-a716-446655440093', '550e8400-e29b-41d4-a716-446655440093', '2025-02-03 10:00:00', '2025-02-03 10:13:00', 300),
('650e8400-e29b-41d4-a716-446655440094', '550e8400-e29b-41d4-a716-446655440094', '2025-02-03 11:00:00', '2025-02-03 11:14:00', 280),
('650e8400-e29b-41d4-a716-446655440095', '550e8400-e29b-41d4-a716-446655440095', '2025-02-03 12:00:00', '2025-02-03 12:12:00', 260),
('650e8400-e29b-41d4-a716-446655440096', '550e8400-e29b-41d4-a716-446655440096', '2025-02-03 13:00:00', '2025-02-03 13:15:00', 240),
('650e8400-e29b-41d4-a716-446655440097', '550e8400-e29b-41d4-a716-446655440097', '2025-02-03 14:00:00', '2025-02-03 14:13:00', 220),
('650e8400-e29b-41d4-a716-446655440098', '550e8400-e29b-41d4-a716-446655440098', '2025-02-03 15:00:00', '2025-02-03 15:14:00', 200),
('650e8400-e29b-41d4-a716-446655440099', '550e8400-e29b-41d4-a716-446655440099', '2025-02-03 16:00:00', '2025-02-03 16:12:00', 180),
('650e8400-e29b-41d4-a716-446655440100', '550e8400-e29b-41d4-a716-446655440100', '2025-02-03 17:00:00', '2025-02-03 17:15:00', 160);
-- Zusätzliche 20 Sessions (101-120)
INSERT INTO GAME_SESSION (SESSION_ID, PLAYER_ID, STARTED_AT, ENDED_AT, TOTAL_SCORE) VALUES 
('650e8400-e29b-41d4-a716-446655440101', '550e8400-e29b-41d4-a716-446655440101', '2025-02-02 08:00:00', '2025-02-02 08:13:00', 1450),
('650e8400-e29b-41d4-a716-446655440102', '550e8400-e29b-41d4-a716-446655440102', '2025-02-02 09:00:00', '2025-02-02 09:14:00', 890),
('650e8400-e29b-41d4-a716-446655440103', '550e8400-e29b-41d4-a716-446655440103', '2025-02-02 10:00:00', '2025-02-02 10:12:00', 1320),
('650e8400-e29b-41d4-a716-446655440104', '550e8400-e29b-41d4-a716-446655440104', '2025-02-02 11:00:00', '2025-02-02 11:15:00', 670),
('650e8400-e29b-41d4-a716-446655440105', '550e8400-e29b-41d4-a716-446655440105', '2025-02-02 12:00:00', '2025-02-02 12:13:00', 1150),
('650e8400-e29b-41d4-a716-446655440106', '550e8400-e29b-41d4-a716-446655440106', '2025-02-02 13:00:00', '2025-02-02 13:14:00', 950),
('650e8400-e29b-41d4-a716-446655440107', '550e8400-e29b-41d4-a716-446655440107', '2025-02-02 14:00:00', '2025-02-02 14:12:00', 1270),
('650e8400-e29b-41d4-a716-446655440108', '550e8400-e29b-41d4-a716-446655440108', '2025-02-02 15:00:00', '2025-02-02 15:15:00', 810),
('650e8400-e29b-41d4-a716-446655440109', '550e8400-e29b-41d4-a716-446655440109', '2025-02-02 16:00:00', '2025-02-02 16:13:00', 1390),
('650e8400-e29b-41d4-a716-446655440110', '550e8400-e29b-41d4-a716-446655440110', '2025-02-02 17:00:00', '2025-02-02 17:14:00', 730),
('650e8400-e29b-41d4-a716-446655440111', '550e8400-e29b-41d4-a716-446655440111', '2025-02-01 08:00:00', '2025-02-01 08:12:00', 1520),
('650e8400-e29b-41d4-a716-446655440112', '550e8400-e29b-41d4-a716-446655440112', '2025-02-01 09:00:00', '2025-02-01 09:15:00', 870),
('650e8400-e29b-41d4-a716-446655440113', '550e8400-e29b-41d4-a716-446655440113', '2025-02-01 10:00:00', '2025-02-01 10:13:00', 1190),
('650e8400-e29b-41d4-a716-446655440114', '550e8400-e29b-41d4-a716-446655440114', '2025-02-01 11:00:00', '2025-02-01 11:14:00', 690),
('650e8400-e29b-41d4-a716-446655440115', '550e8400-e29b-41d4-a716-446655440115', '2025-02-01 12:00:00', '2025-02-01 12:12:00', 1420),
('650e8400-e29b-41d4-a716-446655440116', '550e8400-e29b-41d4-a716-446655440116', '2025-02-01 13:00:00', '2025-02-01 13:15:00', 790),
('650e8400-e29b-41d4-a716-446655440117', '550e8400-e29b-41d4-a716-446655440117', '2025-02-01 14:00:00', '2025-02-01 14:13:00', 1330),
('650e8400-e29b-41d4-a716-446655440118', '550e8400-e29b-41d4-a716-446655440118', '2025-02-01 15:00:00', '2025-02-01 15:14:00', 850),
('650e8400-e29b-41d4-a716-446655440119', '550e8400-e29b-41d4-a716-446655440119', '2025-02-01 16:00:00', '2025-02-01 16:12:00', 1210),
('650e8400-e29b-41d4-a716-446655440120', '550e8400-e29b-41d4-a716-446655440120', '2025-02-01 17:00:00', '2025-02-01 17:15:00', 650);


-- ============================================================================
-- ROUNDS TEST DATA
-- ============================================================================
-- 600 Rounds (120 Sessions x 5 Rounds each)
-- ============================================================================
-- Session 1 Rounds
INSERT INTO ROUND (ROUND_ID, SESSION_ID, ROUND_NUMBER, BARCODE, GUESSED_RANGE, ACTUAL_KCAL, POINTS) VALUES 
('750e8400-e29b-41d4-a716-446655440001', '650e8400-e29b-41d4-a716-446655440001', 1, '4000467026003', '301-400', 329, 1000),
('750e8400-e29b-41d4-a716-446655440002', '650e8400-e29b-41d4-a716-446655440001', 2, '7613035937253', '401-500', 417, 1000),
('750e8400-e29b-41d4-a716-446655440003', '650e8400-e29b-41d4-a716-446655440001', 3, '8000500037560', '501-600', 539, 1000),
('750e8400-e29b-41d4-a716-446655440004', '650e8400-e29b-41d4-a716-446655440001', 4, '5000159459227', '201-300', 260, 1000),
('750e8400-e29b-41d4-a716-446655440005', '650e8400-e29b-41d4-a716-446655440001', 5, '4011100003699', '501-600', 574, 1000);

-- Session 2 Rounds
INSERT INTO ROUND (ROUND_ID, SESSION_ID, ROUND_NUMBER, BARCODE, GUESSED_RANGE, ACTUAL_KCAL, POINTS) VALUES 
('750e8400-e29b-41d4-a716-446655440006', '650e8400-e29b-41d4-a716-446655440002', 1, '4311596484294', '201-300', 217, 1000),
('750e8400-e29b-41d4-a716-446655440007', '650e8400-e29b-41d4-a716-446655440002', 2, '5449000214911', '0-100', 38, 1000),
('750e8400-e29b-41d4-a716-446655440008', '650e8400-e29b-41d4-a716-446655440002', 3, '7622210449900', '501-600', 524, 1000),
('750e8400-e29b-41d4-a716-446655440009', '650e8400-e29b-41d4-a716-446655440002', 4, '9002491000223', '0-100', 45, 1000),
('750e8400-e29b-41d4-a716-446655440010', '650e8400-e29b-41d4-a716-446655440002', 5, '4056489000846', '201-300', 280, 1000);

-- Session 3 Rounds
INSERT INTO ROUND (ROUND_ID, SESSION_ID, ROUND_NUMBER, BARCODE, GUESSED_RANGE, ACTUAL_KCAL, POINTS) VALUES 
('750e8400-e29b-41d4-a716-446655440011', '650e8400-e29b-41d4-a716-446655440003', 1, '4003880011452', '201-300', 225, 1000),
('750e8400-e29b-41d4-a716-446655440012', '650e8400-e29b-41d4-a716-446655440003', 2, '8410128002862', '0-100', 26, 1000),
('750e8400-e29b-41d4-a716-446655440013', '650e8400-e29b-41d4-a716-446655440003', 3, '5000159484237', '401-500', 488, 1000),
('750e8400-e29b-41d4-a716-446655440014', '650e8400-e29b-41d4-a716-446655440003', 4, '4001724818809', '501-600', 525, 1000),
('750e8400-e29b-41d4-a716-446655440015', '650e8400-e29b-41d4-a716-446655440003', 5, '4025500021412', '101-200', 112, 1000);

-- Session 4 Rounds
INSERT INTO ROUND (ROUND_ID, SESSION_ID, ROUND_NUMBER, BARCODE, GUESSED_RANGE, ACTUAL_KCAL, POINTS) VALUES 
('750e8400-e29b-41d4-a716-446655440016', '650e8400-e29b-41d4-a716-446655440004', 1, '8710398025456', '201-300', 533, 0),
('750e8400-e29b-41d4-a716-446655440017', '650e8400-e29b-41d4-a716-446655440004', 2, '4008400402123', '401-500', 495, 1000),
('750e8400-e29b-41d4-a716-446655440018', '650e8400-e29b-41d4-a716-446655440004', 3, '4008400402123', '401-500', 495, 1000),
('750e8400-e29b-41d4-a716-446655440019', '650e8400-e29b-41d4-a716-446655440004', 4, '4025500021207', '0-100', 70, 1000),
('750e8400-e29b-41d4-a716-446655440020', '650e8400-e29b-41d4-a716-446655440004', 5, '7622210449283', '501-600', 530, 1000);

-- Session 5 Rounds
INSERT INTO ROUND (ROUND_ID, SESSION_ID, ROUND_NUMBER, BARCODE, GUESSED_RANGE, ACTUAL_KCAL, POINTS) VALUES 
('750e8400-e29b-41d4-a716-446655440021', '650e8400-e29b-41d4-a716-446655440005', 1, '4011100003699', '501-600', 574, 1000),
('750e8400-e29b-41d4-a716-446655440022', '650e8400-e29b-41d4-a716-446655440005', 2, '4000400121783', '0-100', 87, 1000),
('750e8400-e29b-41d4-a716-446655440023', '650e8400-e29b-41d4-a716-446655440005', 3, '7622210743664', '501-600', 535, 1000),
('750e8400-e29b-41d4-a716-446655440024', '650e8400-e29b-41d4-a716-446655440005', 4, '5449000133335', '0-100', 40, 1000),
('750e8400-e29b-41d4-a716-446655440025', '650e8400-e29b-41d4-a716-446655440005', 5, '7613033493195', '0-100', 73, 1000);

-- Session 6 Rounds
INSERT INTO ROUND (ROUND_ID, SESSION_ID, ROUND_NUMBER, BARCODE, GUESSED_RANGE, ACTUAL_KCAL, POINTS) VALUES 
('750e8400-e29b-41d4-a716-446655440026', '650e8400-e29b-41d4-a716-446655440006', 1, '5449000000996', '0-100', 42, 1000),
('750e8400-e29b-41d4-a716-446655440027', '650e8400-e29b-41d4-a716-446655440006', 2, '4260173781403', '501-600', 530, 1000),
('750e8400-e29b-41d4-a716-446655440028', '650e8400-e29b-41d4-a716-446655440006', 3, '5449000214911', '0-100', 38, 1000),
('750e8400-e29b-41d4-a716-446655440029', '650e8400-e29b-41d4-a716-446655440006', 4, '4008400402123', '401-500', 495, 1000),
('750e8400-e29b-41d4-a716-446655440030', '650e8400-e29b-41d4-a716-446655440006', 5, '4056489011293', '201-300', 236, 1000);

-- Session 7 Rounds
INSERT INTO ROUND (ROUND_ID, SESSION_ID, ROUND_NUMBER, BARCODE, GUESSED_RANGE, ACTUAL_KCAL, POINTS) VALUES 
('750e8400-e29b-41d4-a716-446655440031', '650e8400-e29b-41d4-a716-446655440007', 1, '7613033493195', '0-100', 73, 1000),
('750e8400-e29b-41d4-a716-446655440032', '650e8400-e29b-41d4-a716-446655440007', 2, '4025500021207', '0-100', 70, 1000),
('750e8400-e29b-41d4-a716-446655440033', '650e8400-e29b-41d4-a716-446655440007', 3, '7613035937253', '401-500', 417, 1000),
('750e8400-e29b-41d4-a716-446655440034', '650e8400-e29b-41d4-a716-446655440007', 4, '5000159459227', '201-300', 260, 1000),
('750e8400-e29b-41d4-a716-446655440035', '650e8400-e29b-41d4-a716-446655440007', 5, '4260231221476', '0-100', 41, 1000);

-- Session 8 Rounds
INSERT INTO ROUND (ROUND_ID, SESSION_ID, ROUND_NUMBER, BARCODE, GUESSED_RANGE, ACTUAL_KCAL, POINTS) VALUES 
('750e8400-e29b-41d4-a716-446655440036', '650e8400-e29b-41d4-a716-446655440008', 1, '4011100003699', '501-600', 574, 1000),
('750e8400-e29b-41d4-a716-446655440037', '650e8400-e29b-41d4-a716-446655440008', 2, '4001724818809', '501-600', 525, 1000),
('750e8400-e29b-41d4-a716-446655440038', '650e8400-e29b-41d4-a716-446655440008', 3, '7613035937253', '501-600', 417, 0),
('750e8400-e29b-41d4-a716-446655440039', '650e8400-e29b-41d4-a716-446655440008', 4, '4260173781403', '501-600', 530, 1000),
('750e8400-e29b-41d4-a716-446655440040', '650e8400-e29b-41d4-a716-446655440008', 5, '4000417025005', '501-600', 560, 1000);

-- Session 9 Rounds
INSERT INTO ROUND (ROUND_ID, SESSION_ID, ROUND_NUMBER, BARCODE, GUESSED_RANGE, ACTUAL_KCAL, POINTS) VALUES 
('750e8400-e29b-41d4-a716-446655440041', '650e8400-e29b-41d4-a716-446655440009', 1, '7622210449283', '501-600', 530, 1000),
('750e8400-e29b-41d4-a716-446655440042', '650e8400-e29b-41d4-a716-446655440009', 2, '4001724825005', '201-300', 259, 1000),
('750e8400-e29b-41d4-a716-446655440043', '650e8400-e29b-41d4-a716-446655440009', 3, '8710398025456', '401-500', 533, 0),
('750e8400-e29b-41d4-a716-446655440044', '650e8400-e29b-41d4-a716-446655440009', 4, '4000400131119', '101-200', 102, 1000),
('750e8400-e29b-41d4-a716-446655440045', '650e8400-e29b-41d4-a716-446655440009', 5, '4000446010007', '401-500', 486, 1000);

-- Session 10 Rounds
INSERT INTO ROUND (ROUND_ID, SESSION_ID, ROUND_NUMBER, BARCODE, GUESSED_RANGE, ACTUAL_KCAL, POINTS) VALUES 
('750e8400-e29b-41d4-a716-446655440046', '650e8400-e29b-41d4-a716-446655440010', 1, '4056489000846', '201-300', 280, 1000),
('750e8400-e29b-41d4-a716-446655440047', '650e8400-e29b-41d4-a716-446655440010', 2, '7613033089089', '301-400', 375, 1000),
('750e8400-e29b-41d4-a716-446655440048', '650e8400-e29b-41d4-a716-446655440010', 3, '9002491000223', '0-100', 45, 1000),
('750e8400-e29b-41d4-a716-446655440049', '650e8400-e29b-41d4-a716-446655440010', 4, '8410128002862', '0-100', 26, 1000),
('750e8400-e29b-41d4-a716-446655440050', '650e8400-e29b-41d4-a716-446655440010', 5, '8410128002862', '0-100', 26, 1000);

-- Session 11 Rounds
INSERT INTO ROUND (ROUND_ID, SESSION_ID, ROUND_NUMBER, BARCODE, GUESSED_RANGE, ACTUAL_KCAL, POINTS) VALUES 
('750e8400-e29b-41d4-a716-446655440051', '650e8400-e29b-41d4-a716-446655440011', 1, '4260173781403', '101-200', 530, 0),
('750e8400-e29b-41d4-a716-446655440052', '650e8400-e29b-41d4-a716-446655440011', 2, '7622210449900', '501-600', 524, 1000),
('750e8400-e29b-41d4-a716-446655440053', '650e8400-e29b-41d4-a716-446655440011', 3, '4000417025005', '101-200', 560, 0),
('750e8400-e29b-41d4-a716-446655440054', '650e8400-e29b-41d4-a716-446655440011', 4, '4000467026003', '301-400', 329, 1000),
('750e8400-e29b-41d4-a716-446655440055', '650e8400-e29b-41d4-a716-446655440011', 5, '5000159459227', '201-300', 260, 1000);

-- Session 12 Rounds
INSERT INTO ROUND (ROUND_ID, SESSION_ID, ROUND_NUMBER, BARCODE, GUESSED_RANGE, ACTUAL_KCAL, POINTS) VALUES 
('750e8400-e29b-41d4-a716-446655440056', '650e8400-e29b-41d4-a716-446655440012', 1, '5449000000996', '0-100', 42, 1000),
('750e8400-e29b-41d4-a716-446655440057', '650e8400-e29b-41d4-a716-446655440012', 2, '4260231221476', '501-600', 41, 0),
('750e8400-e29b-41d4-a716-446655440058', '650e8400-e29b-41d4-a716-446655440012', 3, '7613033089089', '0-100', 375, 0),
('750e8400-e29b-41d4-a716-446655440059', '650e8400-e29b-41d4-a716-446655440012', 4, '5000159459227', '201-300', 260, 1000),
('750e8400-e29b-41d4-a716-446655440060', '650e8400-e29b-41d4-a716-446655440012', 5, '5000159459227', '301-400', 260, 0);

-- Session 13 Rounds
INSERT INTO ROUND (ROUND_ID, SESSION_ID, ROUND_NUMBER, BARCODE, GUESSED_RANGE, ACTUAL_KCAL, POINTS) VALUES 
('750e8400-e29b-41d4-a716-446655440061', '650e8400-e29b-41d4-a716-446655440013', 1, '4056489000846', '201-300', 280, 1000),
('750e8400-e29b-41d4-a716-446655440062', '650e8400-e29b-41d4-a716-446655440013', 2, '7622210743664', '501-600', 535, 1000),
('750e8400-e29b-41d4-a716-446655440063', '650e8400-e29b-41d4-a716-446655440013', 3, '4056489011293', '201-300', 236, 1000),
('750e8400-e29b-41d4-a716-446655440064', '650e8400-e29b-41d4-a716-446655440013', 4, '7613033089089', '101-200', 375, 0),
('750e8400-e29b-41d4-a716-446655440065', '650e8400-e29b-41d4-a716-446655440013', 5, '7622210449900', '201-300', 524, 0);

-- Session 14 Rounds
INSERT INTO ROUND (ROUND_ID, SESSION_ID, ROUND_NUMBER, BARCODE, GUESSED_RANGE, ACTUAL_KCAL, POINTS) VALUES 
('750e8400-e29b-41d4-a716-446655440066', '650e8400-e29b-41d4-a716-446655440014', 1, '4000467026003', '301-400', 329, 1000),
('750e8400-e29b-41d4-a716-446655440067', '650e8400-e29b-41d4-a716-446655440014', 2, '5053990101764', '501-600', 536, 1000),
('750e8400-e29b-41d4-a716-446655440068', '650e8400-e29b-41d4-a716-446655440014', 3, '4001724818809', '501-600', 525, 1000),
('750e8400-e29b-41d4-a716-446655440069', '650e8400-e29b-41d4-a716-446655440014', 4, '8410100017686', '501-600', 478, 0),
('750e8400-e29b-41d4-a716-446655440070', '650e8400-e29b-41d4-a716-446655440014', 5, '4000400131119', '101-200', 102, 1000);

-- Session 15 Rounds
INSERT INTO ROUND (ROUND_ID, SESSION_ID, ROUND_NUMBER, BARCODE, GUESSED_RANGE, ACTUAL_KCAL, POINTS) VALUES 
('750e8400-e29b-41d4-a716-446655440071', '650e8400-e29b-41d4-a716-446655440015', 1, '4000400127600', '201-300', 460, 0),
('750e8400-e29b-41d4-a716-446655440072', '650e8400-e29b-41d4-a716-446655440015', 2, '5000354854392', '301-400', 357, 1000),
('750e8400-e29b-41d4-a716-446655440073', '650e8400-e29b-41d4-a716-446655440015', 3, '5449000214799', '101-200', 37, 0),
('750e8400-e29b-41d4-a716-446655440074', '650e8400-e29b-41d4-a716-446655440015', 4, '4000446010007', '501-600', 486, 0),
('750e8400-e29b-41d4-a716-446655440075', '650e8400-e29b-41d4-a716-446655440015', 5, '8000500037560', '501-600', 539, 1000);

-- Session 16 Rounds
INSERT INTO ROUND (ROUND_ID, SESSION_ID, ROUND_NUMBER, BARCODE, GUESSED_RANGE, ACTUAL_KCAL, POINTS) VALUES 
('750e8400-e29b-41d4-a716-446655440076', '650e8400-e29b-41d4-a716-446655440016', 1, '4000446015187', '101-200', 432, 0),
('750e8400-e29b-41d4-a716-446655440077', '650e8400-e29b-41d4-a716-446655440016', 2, '7613033089089', '301-400', 375, 1000),
('750e8400-e29b-41d4-a716-446655440078', '650e8400-e29b-41d4-a716-446655440016', 3, '4260231221476', '0-100', 41, 1000),
('750e8400-e29b-41d4-a716-446655440079', '650e8400-e29b-41d4-a716-446655440016', 4, '8710398025456', '101-200', 533, 0),
('750e8400-e29b-41d4-a716-446655440080', '650e8400-e29b-41d4-a716-446655440016', 5, '8410076472106', '301-400', 391, 1000);

-- Session 17 Rounds
INSERT INTO ROUND (ROUND_ID, SESSION_ID, ROUND_NUMBER, BARCODE, GUESSED_RANGE, ACTUAL_KCAL, POINTS) VALUES 
('750e8400-e29b-41d4-a716-446655440081', '650e8400-e29b-41d4-a716-446655440017', 1, '8712100663048', '201-300', 257, 1000),
('750e8400-e29b-41d4-a716-446655440082', '650e8400-e29b-41d4-a716-446655440017', 2, '5410063011854', '401-500', 90, 0),
('750e8400-e29b-41d4-a716-446655440083', '650e8400-e29b-41d4-a716-446655440017', 3, '4000400127600', '401-500', 460, 1000),
('750e8400-e29b-41d4-a716-446655440084', '650e8400-e29b-41d4-a716-446655440017', 4, '5449000000996', '0-100', 42, 1000),
('750e8400-e29b-41d4-a716-446655440085', '650e8400-e29b-41d4-a716-446655440017', 5, '8410128002862', '0-100', 26, 1000);

-- Session 18 Rounds
INSERT INTO ROUND (ROUND_ID, SESSION_ID, ROUND_NUMBER, BARCODE, GUESSED_RANGE, ACTUAL_KCAL, POINTS) VALUES 
('750e8400-e29b-41d4-a716-446655440086', '650e8400-e29b-41d4-a716-446655440018', 1, '8410128002862', '0-100', 26, 1000),
('750e8400-e29b-41d4-a716-446655440087', '650e8400-e29b-41d4-a716-446655440018', 2, '5449000000996', '0-100', 42, 1000),
('750e8400-e29b-41d4-a716-446655440088', '650e8400-e29b-41d4-a716-446655440018', 3, '4000417025005', '501-600', 560, 1000),
('750e8400-e29b-41d4-a716-446655440089', '650e8400-e29b-41d4-a716-446655440018', 4, '7622210449283', '0-100', 530, 0),
('750e8400-e29b-41d4-a716-446655440090', '650e8400-e29b-41d4-a716-446655440018', 5, '7622210449900', '501-600', 524, 1000);

-- Session 19 Rounds
INSERT INTO ROUND (ROUND_ID, SESSION_ID, ROUND_NUMBER, BARCODE, GUESSED_RANGE, ACTUAL_KCAL, POINTS) VALUES 
('750e8400-e29b-41d4-a716-446655440091', '650e8400-e29b-41d4-a716-446655440019', 1, '8712100663048', '201-300', 257, 1000),
('750e8400-e29b-41d4-a716-446655440092', '650e8400-e29b-41d4-a716-446655440019', 2, '4011100003699', '501-600', 574, 1000),
('750e8400-e29b-41d4-a716-446655440093', '650e8400-e29b-41d4-a716-446655440019', 3, '5449000214799', '0-100', 37, 1000),
('750e8400-e29b-41d4-a716-446655440094', '650e8400-e29b-41d4-a716-446655440019', 4, '5000354854392', '401-500', 357, 0),
('750e8400-e29b-41d4-a716-446655440095', '650e8400-e29b-41d4-a716-446655440019', 5, '5053990101764', '501-600', 536, 1000);

-- Session 20 Rounds
INSERT INTO ROUND (ROUND_ID, SESSION_ID, ROUND_NUMBER, BARCODE, GUESSED_RANGE, ACTUAL_KCAL, POINTS) VALUES 
('750e8400-e29b-41d4-a716-446655440096', '650e8400-e29b-41d4-a716-446655440020', 1, '8712100663048', '201-300', 257, 1000),
('750e8400-e29b-41d4-a716-446655440097', '650e8400-e29b-41d4-a716-446655440020', 2, '4311596484294', '201-300', 217, 1000),
('750e8400-e29b-41d4-a716-446655440098', '650e8400-e29b-41d4-a716-446655440020', 3, '4000417025005', '501-600', 560, 1000),
('750e8400-e29b-41d4-a716-446655440099', '650e8400-e29b-41d4-a716-446655440020', 4, '4056489000846', '201-300', 280, 1000),
('750e8400-e29b-41d4-a716-446655440100', '650e8400-e29b-41d4-a716-446655440020', 5, '4001724825005', '201-300', 259, 1000);

-- Session 21 Rounds
INSERT INTO ROUND (ROUND_ID, SESSION_ID, ROUND_NUMBER, BARCODE, GUESSED_RANGE, ACTUAL_KCAL, POINTS) VALUES 
('750e8400-e29b-41d4-a716-446655440101', '650e8400-e29b-41d4-a716-446655440021', 1, '4008400402123', '401-500', 495, 1000),
('750e8400-e29b-41d4-a716-446655440102', '650e8400-e29b-41d4-a716-446655440021', 2, '5053990101764', '501-600', 536, 1000),
('750e8400-e29b-41d4-a716-446655440103', '650e8400-e29b-41d4-a716-446655440021', 3, '8000500037560', '501-600', 539, 1000),
('750e8400-e29b-41d4-a716-446655440104', '650e8400-e29b-41d4-a716-446655440021', 4, '7613035937253', '401-500', 417, 1000),
('750e8400-e29b-41d4-a716-446655440105', '650e8400-e29b-41d4-a716-446655440021', 5, '5449000000996', '0-100', 42, 1000);

-- Session 22 Rounds
INSERT INTO ROUND (ROUND_ID, SESSION_ID, ROUND_NUMBER, BARCODE, GUESSED_RANGE, ACTUAL_KCAL, POINTS) VALUES 
('750e8400-e29b-41d4-a716-446655440106', '650e8400-e29b-41d4-a716-446655440022', 1, '9002491000223', '0-100', 45, 1000),
('750e8400-e29b-41d4-a716-446655440107', '650e8400-e29b-41d4-a716-446655440022', 2, '4056489000846', '0-100', 280, 0),
('750e8400-e29b-41d4-a716-446655440108', '650e8400-e29b-41d4-a716-446655440022', 3, '5449000214911', '201-300', 38, 0),
('750e8400-e29b-41d4-a716-446655440109', '650e8400-e29b-41d4-a716-446655440022', 4, '4001724818809', '501-600', 525, 1000),
('750e8400-e29b-41d4-a716-446655440110', '650e8400-e29b-41d4-a716-446655440022', 5, '4000446015187', '401-500', 432, 1000);

-- Session 23 Rounds
INSERT INTO ROUND (ROUND_ID, SESSION_ID, ROUND_NUMBER, BARCODE, GUESSED_RANGE, ACTUAL_KCAL, POINTS) VALUES 
('750e8400-e29b-41d4-a716-446655440111', '650e8400-e29b-41d4-a716-446655440023', 1, '4001724825005', '101-200', 259, 0),
('750e8400-e29b-41d4-a716-446655440112', '650e8400-e29b-41d4-a716-446655440023', 2, '4000400121783', '0-100', 87, 1000),
('750e8400-e29b-41d4-a716-446655440113', '650e8400-e29b-41d4-a716-446655440023', 3, '4000400121783', '0-100', 87, 1000),
('750e8400-e29b-41d4-a716-446655440114', '650e8400-e29b-41d4-a716-446655440023', 4, '4056489011293', '201-300', 236, 1000),
('750e8400-e29b-41d4-a716-446655440115', '650e8400-e29b-41d4-a716-446655440023', 5, '4056489016914', '501-600', 203, 0);

-- Session 24 Rounds
INSERT INTO ROUND (ROUND_ID, SESSION_ID, ROUND_NUMBER, BARCODE, GUESSED_RANGE, ACTUAL_KCAL, POINTS) VALUES 
('750e8400-e29b-41d4-a716-446655440116', '650e8400-e29b-41d4-a716-446655440024', 1, '8712100663048', '201-300', 257, 1000),
('750e8400-e29b-41d4-a716-446655440117', '650e8400-e29b-41d4-a716-446655440024', 2, '4014400916324', '301-400', 343, 1000),
('750e8400-e29b-41d4-a716-446655440118', '650e8400-e29b-41d4-a716-446655440024', 3, '8710398025456', '401-500', 533, 0),
('750e8400-e29b-41d4-a716-446655440119', '650e8400-e29b-41d4-a716-446655440024', 4, '4011100003699', '501-600', 574, 1000),
('750e8400-e29b-41d4-a716-446655440120', '650e8400-e29b-41d4-a716-446655440024', 5, '4000400131119', '101-200', 102, 1000);

-- Session 25 Rounds
INSERT INTO ROUND (ROUND_ID, SESSION_ID, ROUND_NUMBER, BARCODE, GUESSED_RANGE, ACTUAL_KCAL, POINTS) VALUES 
('750e8400-e29b-41d4-a716-446655440121', '650e8400-e29b-41d4-a716-446655440025', 1, '8410128002862', '0-100', 26, 1000),
('750e8400-e29b-41d4-a716-446655440122', '650e8400-e29b-41d4-a716-446655440025', 2, '8410100017686', '401-500', 478, 1000),
('750e8400-e29b-41d4-a716-446655440123', '650e8400-e29b-41d4-a716-446655440025', 3, '7622210449900', '501-600', 524, 1000),
('750e8400-e29b-41d4-a716-446655440124', '650e8400-e29b-41d4-a716-446655440025', 4, '4001724005001', '501-600', 522, 1000),
('750e8400-e29b-41d4-a716-446655440125', '650e8400-e29b-41d4-a716-446655440025', 5, '5449000000996', '0-100', 42, 1000);

-- Session 26 Rounds
INSERT INTO ROUND (ROUND_ID, SESSION_ID, ROUND_NUMBER, BARCODE, GUESSED_RANGE, ACTUAL_KCAL, POINTS) VALUES 
('750e8400-e29b-41d4-a716-446655440126', '650e8400-e29b-41d4-a716-446655440026', 1, '5000354854392', '301-400', 357, 1000),
('750e8400-e29b-41d4-a716-446655440127', '650e8400-e29b-41d4-a716-446655440026', 2, '5449000214799', '0-100', 37, 1000),
('750e8400-e29b-41d4-a716-446655440128', '650e8400-e29b-41d4-a716-446655440026', 3, '4260231221476', '0-100', 41, 1000),
('750e8400-e29b-41d4-a716-446655440129', '650e8400-e29b-41d4-a716-446655440026', 4, '5449000214911', '0-100', 38, 1000),
('750e8400-e29b-41d4-a716-446655440130', '650e8400-e29b-41d4-a716-446655440026', 5, '8410128002862', '0-100', 26, 1000);

-- Session 27 Rounds
INSERT INTO ROUND (ROUND_ID, SESSION_ID, ROUND_NUMBER, BARCODE, GUESSED_RANGE, ACTUAL_KCAL, POINTS) VALUES 
('750e8400-e29b-41d4-a716-446655440131', '650e8400-e29b-41d4-a716-446655440027', 1, '4000400131119', '201-300', 102, 0),
('750e8400-e29b-41d4-a716-446655440132', '650e8400-e29b-41d4-a716-446655440027', 2, '8712100663048', '201-300', 257, 1000),
('750e8400-e29b-41d4-a716-446655440133', '650e8400-e29b-41d4-a716-446655440027', 3, '5000354854392', '301-400', 357, 1000),
('750e8400-e29b-41d4-a716-446655440134', '650e8400-e29b-41d4-a716-446655440027', 4, '8000500037560', '501-600', 539, 1000),
('750e8400-e29b-41d4-a716-446655440135', '650e8400-e29b-41d4-a716-446655440027', 5, '8410076472106', '301-400', 391, 1000);

-- Session 28 Rounds
INSERT INTO ROUND (ROUND_ID, SESSION_ID, ROUND_NUMBER, BARCODE, GUESSED_RANGE, ACTUAL_KCAL, POINTS) VALUES 
('750e8400-e29b-41d4-a716-446655440136', '650e8400-e29b-41d4-a716-446655440028', 1, '5449000000996', '0-100', 42, 1000),
('750e8400-e29b-41d4-a716-446655440137', '650e8400-e29b-41d4-a716-446655440028', 2, '5449000133335', '101-200', 40, 0),
('750e8400-e29b-41d4-a716-446655440138', '650e8400-e29b-41d4-a716-446655440028', 3, '5449000000996', '0-100', 42, 1000),
('750e8400-e29b-41d4-a716-446655440139', '650e8400-e29b-41d4-a716-446655440028', 4, '7622210449900', '501-600', 524, 1000),
('750e8400-e29b-41d4-a716-446655440140', '650e8400-e29b-41d4-a716-446655440028', 5, '4025500021207', '201-300', 70, 0);

-- Session 29 Rounds
INSERT INTO ROUND (ROUND_ID, SESSION_ID, ROUND_NUMBER, BARCODE, GUESSED_RANGE, ACTUAL_KCAL, POINTS) VALUES 
('750e8400-e29b-41d4-a716-446655440141', '650e8400-e29b-41d4-a716-446655440029', 1, '7613033493195', '0-100', 73, 1000),
('750e8400-e29b-41d4-a716-446655440142', '650e8400-e29b-41d4-a716-446655440029', 2, '5410063011854', '301-400', 90, 0),
('750e8400-e29b-41d4-a716-446655440143', '650e8400-e29b-41d4-a716-446655440029', 3, '5449000133335', '501-600', 40, 0),
('750e8400-e29b-41d4-a716-446655440144', '650e8400-e29b-41d4-a716-446655440029', 4, '5000159484237', '401-500', 488, 1000),
('750e8400-e29b-41d4-a716-446655440145', '650e8400-e29b-41d4-a716-446655440029', 5, '9002491000223', '0-100', 45, 1000);

-- Session 30 Rounds
INSERT INTO ROUND (ROUND_ID, SESSION_ID, ROUND_NUMBER, BARCODE, GUESSED_RANGE, ACTUAL_KCAL, POINTS) VALUES 
('750e8400-e29b-41d4-a716-446655440146', '650e8400-e29b-41d4-a716-446655440030', 1, '8712100663048', '201-300', 257, 1000),
('750e8400-e29b-41d4-a716-446655440147', '650e8400-e29b-41d4-a716-446655440030', 2, '8000500037560', '501-600', 539, 1000),
('750e8400-e29b-41d4-a716-446655440148', '650e8400-e29b-41d4-a716-446655440030', 3, '4008400402123', '401-500', 495, 1000),
('750e8400-e29b-41d4-a716-446655440149', '650e8400-e29b-41d4-a716-446655440030', 4, '4014400916324', '301-400', 343, 1000),
('750e8400-e29b-41d4-a716-446655440150', '650e8400-e29b-41d4-a716-446655440030', 5, '4260231221476', '0-100', 41, 1000);

-- Session 31 Rounds
INSERT INTO ROUND (ROUND_ID, SESSION_ID, ROUND_NUMBER, BARCODE, GUESSED_RANGE, ACTUAL_KCAL, POINTS) VALUES 
('750e8400-e29b-41d4-a716-446655440151', '650e8400-e29b-41d4-a716-446655440031', 1, '4025500021412', '101-200', 112, 1000),
('750e8400-e29b-41d4-a716-446655440152', '650e8400-e29b-41d4-a716-446655440031', 2, '4000467026003', '501-600', 329, 0),
('750e8400-e29b-41d4-a716-446655440153', '650e8400-e29b-41d4-a716-446655440031', 3, '4000446010007', '401-500', 486, 1000),
('750e8400-e29b-41d4-a716-446655440154', '650e8400-e29b-41d4-a716-446655440031', 4, '4000417025005', '501-600', 560, 1000),
('750e8400-e29b-41d4-a716-446655440155', '650e8400-e29b-41d4-a716-446655440031', 5, '4311596484294', '0-100', 217, 0);

-- Session 32 Rounds
INSERT INTO ROUND (ROUND_ID, SESSION_ID, ROUND_NUMBER, BARCODE, GUESSED_RANGE, ACTUAL_KCAL, POINTS) VALUES 
('750e8400-e29b-41d4-a716-446655440156', '650e8400-e29b-41d4-a716-446655440032', 1, '5000159484237', '401-500', 488, 1000),
('750e8400-e29b-41d4-a716-446655440157', '650e8400-e29b-41d4-a716-446655440032', 2, '8000500037560', '201-300', 539, 0),
('750e8400-e29b-41d4-a716-446655440158', '650e8400-e29b-41d4-a716-446655440032', 3, '4001724818809', '401-500', 525, 0),
('750e8400-e29b-41d4-a716-446655440159', '650e8400-e29b-41d4-a716-446655440032', 4, '4311596484294', '201-300', 217, 1000),
('750e8400-e29b-41d4-a716-446655440160', '650e8400-e29b-41d4-a716-446655440032', 5, '4000400127600', '401-500', 460, 1000);

-- Session 33 Rounds
INSERT INTO ROUND (ROUND_ID, SESSION_ID, ROUND_NUMBER, BARCODE, GUESSED_RANGE, ACTUAL_KCAL, POINTS) VALUES 
('750e8400-e29b-41d4-a716-446655440161', '650e8400-e29b-41d4-a716-446655440033', 1, '4056489016914', '501-600', 203, 0),
('750e8400-e29b-41d4-a716-446655440162', '650e8400-e29b-41d4-a716-446655440033', 2, '7622210449283', '401-500', 530, 0),
('750e8400-e29b-41d4-a716-446655440163', '650e8400-e29b-41d4-a716-446655440033', 3, '9002491000223', '0-100', 45, 1000),
('750e8400-e29b-41d4-a716-446655440164', '650e8400-e29b-41d4-a716-446655440033', 4, '8000500037560', '501-600', 539, 1000),
('750e8400-e29b-41d4-a716-446655440165', '650e8400-e29b-41d4-a716-446655440033', 5, '7613033493195', '101-200', 73, 0);

-- Session 34 Rounds
INSERT INTO ROUND (ROUND_ID, SESSION_ID, ROUND_NUMBER, BARCODE, GUESSED_RANGE, ACTUAL_KCAL, POINTS) VALUES 
('750e8400-e29b-41d4-a716-446655440166', '650e8400-e29b-41d4-a716-446655440034', 1, '4025500021207', '0-100', 70, 1000),
('750e8400-e29b-41d4-a716-446655440167', '650e8400-e29b-41d4-a716-446655440034', 2, '5000354854392', '201-300', 357, 0),
('750e8400-e29b-41d4-a716-446655440168', '650e8400-e29b-41d4-a716-446655440034', 3, '9002491000223', '401-500', 45, 0),
('750e8400-e29b-41d4-a716-446655440169', '650e8400-e29b-41d4-a716-446655440034', 4, '5449000133335', '201-300', 40, 0),
('750e8400-e29b-41d4-a716-446655440170', '650e8400-e29b-41d4-a716-446655440034', 5, '4001724818809', '101-200', 525, 0);

-- Session 35 Rounds
INSERT INTO ROUND (ROUND_ID, SESSION_ID, ROUND_NUMBER, BARCODE, GUESSED_RANGE, ACTUAL_KCAL, POINTS) VALUES 
('750e8400-e29b-41d4-a716-446655440171', '650e8400-e29b-41d4-a716-446655440035', 1, '4003880011452', '201-300', 225, 1000),
('750e8400-e29b-41d4-a716-446655440172', '650e8400-e29b-41d4-a716-446655440035', 2, '4025500021412', '401-500', 112, 0),
('750e8400-e29b-41d4-a716-446655440173', '650e8400-e29b-41d4-a716-446655440035', 3, '8712100663048', '101-200', 257, 0),
('750e8400-e29b-41d4-a716-446655440174', '650e8400-e29b-41d4-a716-446655440035', 4, '7613035937253', '401-500', 417, 1000),
('750e8400-e29b-41d4-a716-446655440175', '650e8400-e29b-41d4-a716-446655440035', 5, '4056489016914', '201-300', 203, 1000);

-- Session 36 Rounds
INSERT INTO ROUND (ROUND_ID, SESSION_ID, ROUND_NUMBER, BARCODE, GUESSED_RANGE, ACTUAL_KCAL, POINTS) VALUES 
('750e8400-e29b-41d4-a716-446655440176', '650e8400-e29b-41d4-a716-446655440036', 1, '7622210449283', '101-200', 530, 0),
('750e8400-e29b-41d4-a716-446655440177', '650e8400-e29b-41d4-a716-446655440036', 2, '5053990101764', '301-400', 536, 0),
('750e8400-e29b-41d4-a716-446655440178', '650e8400-e29b-41d4-a716-446655440036', 3, '4025500021207', '0-100', 70, 1000),
('750e8400-e29b-41d4-a716-446655440179', '650e8400-e29b-41d4-a716-446655440036', 4, '4260173781403', '501-600', 530, 1000),
('750e8400-e29b-41d4-a716-446655440180', '650e8400-e29b-41d4-a716-446655440036', 5, '8712100663048', '201-300', 257, 1000);

-- Session 37 Rounds
INSERT INTO ROUND (ROUND_ID, SESSION_ID, ROUND_NUMBER, BARCODE, GUESSED_RANGE, ACTUAL_KCAL, POINTS) VALUES 
('750e8400-e29b-41d4-a716-446655440181', '650e8400-e29b-41d4-a716-446655440037', 1, '4025500021412', '101-200', 112, 1000),
('750e8400-e29b-41d4-a716-446655440182', '650e8400-e29b-41d4-a716-446655440037', 2, '5449000000996', '301-400', 42, 0),
('750e8400-e29b-41d4-a716-446655440183', '650e8400-e29b-41d4-a716-446655440037', 3, '4025500021207', '401-500', 70, 0),
('750e8400-e29b-41d4-a716-446655440184', '650e8400-e29b-41d4-a716-446655440037', 4, '5000159459227', '501-600', 260, 0),
('750e8400-e29b-41d4-a716-446655440185', '650e8400-e29b-41d4-a716-446655440037', 5, '4025500021412', '0-100', 112, 0);

-- Session 38 Rounds
INSERT INTO ROUND (ROUND_ID, SESSION_ID, ROUND_NUMBER, BARCODE, GUESSED_RANGE, ACTUAL_KCAL, POINTS) VALUES 
('750e8400-e29b-41d4-a716-446655440186', '650e8400-e29b-41d4-a716-446655440038', 1, '7613033089089', '301-400', 375, 1000),
('750e8400-e29b-41d4-a716-446655440187', '650e8400-e29b-41d4-a716-446655440038', 2, '7613033089089', '301-400', 375, 1000),
('750e8400-e29b-41d4-a716-446655440188', '650e8400-e29b-41d4-a716-446655440038', 3, '4260231221476', '0-100', 41, 1000),
('750e8400-e29b-41d4-a716-446655440189', '650e8400-e29b-41d4-a716-446655440038', 4, '4000400131119', '101-200', 102, 1000),
('750e8400-e29b-41d4-a716-446655440190', '650e8400-e29b-41d4-a716-446655440038', 5, '7622210449900', '501-600', 524, 1000);

-- Session 39 Rounds
INSERT INTO ROUND (ROUND_ID, SESSION_ID, ROUND_NUMBER, BARCODE, GUESSED_RANGE, ACTUAL_KCAL, POINTS) VALUES 
('750e8400-e29b-41d4-a716-446655440191', '650e8400-e29b-41d4-a716-446655440039', 1, '5449000214799', '0-100', 37, 1000),
('750e8400-e29b-41d4-a716-446655440192', '650e8400-e29b-41d4-a716-446655440039', 2, '7622210449283', '0-100', 530, 0),
('750e8400-e29b-41d4-a716-446655440193', '650e8400-e29b-41d4-a716-446655440039', 3, '8410100017686', '501-600', 478, 0),
('750e8400-e29b-41d4-a716-446655440194', '650e8400-e29b-41d4-a716-446655440039', 4, '5000159459227', '101-200', 260, 0),
('750e8400-e29b-41d4-a716-446655440195', '650e8400-e29b-41d4-a716-446655440039', 5, '7613033493195', '0-100', 73, 1000);

-- Session 40 Rounds
INSERT INTO ROUND (ROUND_ID, SESSION_ID, ROUND_NUMBER, BARCODE, GUESSED_RANGE, ACTUAL_KCAL, POINTS) VALUES 
('750e8400-e29b-41d4-a716-446655440196', '650e8400-e29b-41d4-a716-446655440040', 1, '8712100663048', '501-600', 257, 0),
('750e8400-e29b-41d4-a716-446655440197', '650e8400-e29b-41d4-a716-446655440040', 2, '4000400131119', '0-100', 102, 0),
('750e8400-e29b-41d4-a716-446655440198', '650e8400-e29b-41d4-a716-446655440040', 3, '8410076472106', '301-400', 391, 1000),
('750e8400-e29b-41d4-a716-446655440199', '650e8400-e29b-41d4-a716-446655440040', 4, '8712100663048', '201-300', 257, 1000),
('750e8400-e29b-41d4-a716-446655440200', '650e8400-e29b-41d4-a716-446655440040', 5, '4001724825005', '501-600', 259, 0);

-- Session 41 Rounds
INSERT INTO ROUND (ROUND_ID, SESSION_ID, ROUND_NUMBER, BARCODE, GUESSED_RANGE, ACTUAL_KCAL, POINTS) VALUES 
('750e8400-e29b-41d4-a716-446655440201', '650e8400-e29b-41d4-a716-446655440041', 1, '8000500037560', '501-600', 539, 1000),
('750e8400-e29b-41d4-a716-446655440202', '650e8400-e29b-41d4-a716-446655440041', 2, '8712100663048', '101-200', 257, 0),
('750e8400-e29b-41d4-a716-446655440203', '650e8400-e29b-41d4-a716-446655440041', 3, '5449000133335', '0-100', 40, 1000),
('750e8400-e29b-41d4-a716-446655440204', '650e8400-e29b-41d4-a716-446655440041', 4, '4001724825005', '201-300', 259, 1000),
('750e8400-e29b-41d4-a716-446655440205', '650e8400-e29b-41d4-a716-446655440041', 5, '5000159484237', '401-500', 488, 1000);

-- Session 42 Rounds
INSERT INTO ROUND (ROUND_ID, SESSION_ID, ROUND_NUMBER, BARCODE, GUESSED_RANGE, ACTUAL_KCAL, POINTS) VALUES 
('750e8400-e29b-41d4-a716-446655440206', '650e8400-e29b-41d4-a716-446655440042', 1, '8710398025456', '501-600', 533, 1000),
('750e8400-e29b-41d4-a716-446655440207', '650e8400-e29b-41d4-a716-446655440042', 2, '8410128002862', '301-400', 26, 0),
('750e8400-e29b-41d4-a716-446655440208', '650e8400-e29b-41d4-a716-446655440042', 3, '4056489011293', '201-300', 236, 1000),
('750e8400-e29b-41d4-a716-446655440209', '650e8400-e29b-41d4-a716-446655440042', 4, '5000159459227', '201-300', 260, 1000),
('750e8400-e29b-41d4-a716-446655440210', '650e8400-e29b-41d4-a716-446655440042', 5, '4000446015187', '101-200', 432, 0);

-- Session 43 Rounds
INSERT INTO ROUND (ROUND_ID, SESSION_ID, ROUND_NUMBER, BARCODE, GUESSED_RANGE, ACTUAL_KCAL, POINTS) VALUES 
('750e8400-e29b-41d4-a716-446655440211', '650e8400-e29b-41d4-a716-446655440043', 1, '8712100663048', '201-300', 257, 1000),
('750e8400-e29b-41d4-a716-446655440212', '650e8400-e29b-41d4-a716-446655440043', 2, '7622210449900', '401-500', 524, 0),
('750e8400-e29b-41d4-a716-446655440213', '650e8400-e29b-41d4-a716-446655440043', 3, '4025500021412', '101-200', 112, 1000),
('750e8400-e29b-41d4-a716-446655440214', '650e8400-e29b-41d4-a716-446655440043', 4, '5000354854392', '101-200', 357, 0),
('750e8400-e29b-41d4-a716-446655440215', '650e8400-e29b-41d4-a716-446655440043', 5, '5053990101764', '501-600', 536, 1000);

-- Session 44 Rounds
INSERT INTO ROUND (ROUND_ID, SESSION_ID, ROUND_NUMBER, BARCODE, GUESSED_RANGE, ACTUAL_KCAL, POINTS) VALUES 
('750e8400-e29b-41d4-a716-446655440216', '650e8400-e29b-41d4-a716-446655440044', 1, '7622210449283', '501-600', 530, 1000),
('750e8400-e29b-41d4-a716-446655440217', '650e8400-e29b-41d4-a716-446655440044', 2, '4000446015187', '0-100', 432, 0),
('750e8400-e29b-41d4-a716-446655440218', '650e8400-e29b-41d4-a716-446655440044', 3, '4056489011293', '201-300', 236, 1000),
('750e8400-e29b-41d4-a716-446655440219', '650e8400-e29b-41d4-a716-446655440044', 4, '4000467026003', '301-400', 329, 1000),
('750e8400-e29b-41d4-a716-446655440220', '650e8400-e29b-41d4-a716-446655440044', 5, '4056489016914', '201-300', 203, 1000);

-- Session 45 Rounds
INSERT INTO ROUND (ROUND_ID, SESSION_ID, ROUND_NUMBER, BARCODE, GUESSED_RANGE, ACTUAL_KCAL, POINTS) VALUES 
('750e8400-e29b-41d4-a716-446655440221', '650e8400-e29b-41d4-a716-446655440045', 1, '4001724825005', '201-300', 259, 1000),
('750e8400-e29b-41d4-a716-446655440222', '650e8400-e29b-41d4-a716-446655440045', 2, '4056489000846', '0-100', 280, 0),
('750e8400-e29b-41d4-a716-446655440223', '650e8400-e29b-41d4-a716-446655440045', 3, '4311596484294', '201-300', 217, 1000),
('750e8400-e29b-41d4-a716-446655440224', '650e8400-e29b-41d4-a716-446655440045', 4, '4056489016914', '201-300', 203, 1000),
('750e8400-e29b-41d4-a716-446655440225', '650e8400-e29b-41d4-a716-446655440045', 5, '4000417025005', '501-600', 560, 1000);

-- Session 46 Rounds
INSERT INTO ROUND (ROUND_ID, SESSION_ID, ROUND_NUMBER, BARCODE, GUESSED_RANGE, ACTUAL_KCAL, POINTS) VALUES 
('750e8400-e29b-41d4-a716-446655440226', '650e8400-e29b-41d4-a716-446655440046', 1, '4000400127600', '401-500', 460, 1000),
('750e8400-e29b-41d4-a716-446655440227', '650e8400-e29b-41d4-a716-446655440046', 2, '4056489011293', '501-600', 236, 0),
('750e8400-e29b-41d4-a716-446655440228', '650e8400-e29b-41d4-a716-446655440046', 3, '4260231221476', '0-100', 41, 1000),
('750e8400-e29b-41d4-a716-446655440229', '650e8400-e29b-41d4-a716-446655440046', 4, '5410063011854', '501-600', 90, 0),
('750e8400-e29b-41d4-a716-446655440230', '650e8400-e29b-41d4-a716-446655440046', 5, '4311596484294', '501-600', 217, 0);

-- Session 47 Rounds
INSERT INTO ROUND (ROUND_ID, SESSION_ID, ROUND_NUMBER, BARCODE, GUESSED_RANGE, ACTUAL_KCAL, POINTS) VALUES 
('750e8400-e29b-41d4-a716-446655440231', '650e8400-e29b-41d4-a716-446655440047', 1, '5410063011854', '401-500', 90, 0),
('750e8400-e29b-41d4-a716-446655440232', '650e8400-e29b-41d4-a716-446655440047', 2, '5410063011854', '0-100', 90, 1000),
('750e8400-e29b-41d4-a716-446655440233', '650e8400-e29b-41d4-a716-446655440047', 3, '5000354854392', '201-300', 357, 0),
('750e8400-e29b-41d4-a716-446655440234', '650e8400-e29b-41d4-a716-446655440047', 4, '8410100017686', '401-500', 478, 1000),
('750e8400-e29b-41d4-a716-446655440235', '650e8400-e29b-41d4-a716-446655440047', 5, '5000354854392', '301-400', 357, 1000);

-- Session 48 Rounds
INSERT INTO ROUND (ROUND_ID, SESSION_ID, ROUND_NUMBER, BARCODE, GUESSED_RANGE, ACTUAL_KCAL, POINTS) VALUES 
('750e8400-e29b-41d4-a716-446655440236', '650e8400-e29b-41d4-a716-446655440048', 1, '5449000000996', '201-300', 42, 0),
('750e8400-e29b-41d4-a716-446655440237', '650e8400-e29b-41d4-a716-446655440048', 2, '7613035937253', '401-500', 417, 1000),
('750e8400-e29b-41d4-a716-446655440238', '650e8400-e29b-41d4-a716-446655440048', 3, '4011100003699', '501-600', 574, 1000),
('750e8400-e29b-41d4-a716-446655440239', '650e8400-e29b-41d4-a716-446655440048', 4, '4014400916324', '301-400', 343, 1000),
('750e8400-e29b-41d4-a716-446655440240', '650e8400-e29b-41d4-a716-446655440048', 5, '4056489016914', '201-300', 203, 1000);

-- Session 49 Rounds
INSERT INTO ROUND (ROUND_ID, SESSION_ID, ROUND_NUMBER, BARCODE, GUESSED_RANGE, ACTUAL_KCAL, POINTS) VALUES 
('750e8400-e29b-41d4-a716-446655440241', '650e8400-e29b-41d4-a716-446655440049', 1, '8710398025456', '501-600', 533, 1000),
('750e8400-e29b-41d4-a716-446655440242', '650e8400-e29b-41d4-a716-446655440049', 2, '4003880011452', '201-300', 225, 1000),
('750e8400-e29b-41d4-a716-446655440243', '650e8400-e29b-41d4-a716-446655440049', 3, '4056489011293', '201-300', 236, 1000),
('750e8400-e29b-41d4-a716-446655440244', '650e8400-e29b-41d4-a716-446655440049', 4, '8710398025456', '301-400', 533, 0),
('750e8400-e29b-41d4-a716-446655440245', '650e8400-e29b-41d4-a716-446655440049', 5, '8410128002862', '101-200', 26, 0);

-- Session 50 Rounds
INSERT INTO ROUND (ROUND_ID, SESSION_ID, ROUND_NUMBER, BARCODE, GUESSED_RANGE, ACTUAL_KCAL, POINTS) VALUES 
('750e8400-e29b-41d4-a716-446655440246', '650e8400-e29b-41d4-a716-446655440050', 1, '5449000214799', '0-100', 37, 1000),
('750e8400-e29b-41d4-a716-446655440247', '650e8400-e29b-41d4-a716-446655440050', 2, '5000159484237', '201-300', 488, 0),
('750e8400-e29b-41d4-a716-446655440248', '650e8400-e29b-41d4-a716-446655440050', 3, '4000400121783', '401-500', 87, 0),
('750e8400-e29b-41d4-a716-446655440249', '650e8400-e29b-41d4-a716-446655440050', 4, '4011100003699', '401-500', 574, 0),
('750e8400-e29b-41d4-a716-446655440250', '650e8400-e29b-41d4-a716-446655440050', 5, '4260231221476', '401-500', 41, 0);

-- Session 51 Rounds
INSERT INTO ROUND (ROUND_ID, SESSION_ID, ROUND_NUMBER, BARCODE, GUESSED_RANGE, ACTUAL_KCAL, POINTS) VALUES 
('750e8400-e29b-41d4-a716-446655440251', '650e8400-e29b-41d4-a716-446655440051', 1, '4260173781403', '501-600', 530, 1000),
('750e8400-e29b-41d4-a716-446655440252', '650e8400-e29b-41d4-a716-446655440051', 2, '4000446010007', '401-500', 486, 1000),
('750e8400-e29b-41d4-a716-446655440253', '650e8400-e29b-41d4-a716-446655440051', 3, '4025500021412', '401-500', 112, 0),
('750e8400-e29b-41d4-a716-446655440254', '650e8400-e29b-41d4-a716-446655440051', 4, '4001724818809', '101-200', 525, 0),
('750e8400-e29b-41d4-a716-446655440255', '650e8400-e29b-41d4-a716-446655440051', 5, '5449000133335', '0-100', 40, 1000);

-- Session 52 Rounds
INSERT INTO ROUND (ROUND_ID, SESSION_ID, ROUND_NUMBER, BARCODE, GUESSED_RANGE, ACTUAL_KCAL, POINTS) VALUES 
('750e8400-e29b-41d4-a716-446655440256', '650e8400-e29b-41d4-a716-446655440052', 1, '4001724825005', '201-300', 259, 1000),
('750e8400-e29b-41d4-a716-446655440257', '650e8400-e29b-41d4-a716-446655440052', 2, '8712100663048', '201-300', 257, 1000),
('750e8400-e29b-41d4-a716-446655440258', '650e8400-e29b-41d4-a716-446655440052', 3, '4056489000846', '201-300', 280, 1000),
('750e8400-e29b-41d4-a716-446655440259', '650e8400-e29b-41d4-a716-446655440052', 4, '4056489011293', '201-300', 236, 1000),
('750e8400-e29b-41d4-a716-446655440260', '650e8400-e29b-41d4-a716-446655440052', 5, '7613033089089', '301-400', 375, 1000);

-- Session 53 Rounds
INSERT INTO ROUND (ROUND_ID, SESSION_ID, ROUND_NUMBER, BARCODE, GUESSED_RANGE, ACTUAL_KCAL, POINTS) VALUES 
('750e8400-e29b-41d4-a716-446655440261', '650e8400-e29b-41d4-a716-446655440053', 1, '8710398025456', '501-600', 533, 1000),
('750e8400-e29b-41d4-a716-446655440262', '650e8400-e29b-41d4-a716-446655440053', 2, '4025500021412', '401-500', 112, 0),
('750e8400-e29b-41d4-a716-446655440263', '650e8400-e29b-41d4-a716-446655440053', 3, '7613035937253', '301-400', 417, 0),
('750e8400-e29b-41d4-a716-446655440264', '650e8400-e29b-41d4-a716-446655440053', 4, '7613033089089', '401-500', 375, 0),
('750e8400-e29b-41d4-a716-446655440265', '650e8400-e29b-41d4-a716-446655440053', 5, '40111445', '0-100', 518, 0);

-- Session 54 Rounds
INSERT INTO ROUND (ROUND_ID, SESSION_ID, ROUND_NUMBER, BARCODE, GUESSED_RANGE, ACTUAL_KCAL, POINTS) VALUES 
('750e8400-e29b-41d4-a716-446655440266', '650e8400-e29b-41d4-a716-446655440054', 1, '4025500021207', '0-100', 70, 1000),
('750e8400-e29b-41d4-a716-446655440267', '650e8400-e29b-41d4-a716-446655440054', 2, '5449000000996', '101-200', 42, 0),
('750e8400-e29b-41d4-a716-446655440268', '650e8400-e29b-41d4-a716-446655440054', 3, '40111445', '101-200', 518, 0),
('750e8400-e29b-41d4-a716-446655440269', '650e8400-e29b-41d4-a716-446655440054', 4, '40111445', '101-200', 518, 0),
('750e8400-e29b-41d4-a716-446655440270', '650e8400-e29b-41d4-a716-446655440054', 5, '8000500037560', '501-600', 539, 1000);

-- Session 55 Rounds
INSERT INTO ROUND (ROUND_ID, SESSION_ID, ROUND_NUMBER, BARCODE, GUESSED_RANGE, ACTUAL_KCAL, POINTS) VALUES 
('750e8400-e29b-41d4-a716-446655440271', '650e8400-e29b-41d4-a716-446655440055', 1, '4000400127600', '401-500', 460, 1000),
('750e8400-e29b-41d4-a716-446655440272', '650e8400-e29b-41d4-a716-446655440055', 2, '8710398025456', '501-600', 533, 1000),
('750e8400-e29b-41d4-a716-446655440273', '650e8400-e29b-41d4-a716-446655440055', 3, '7613033089089', '101-200', 375, 0),
('750e8400-e29b-41d4-a716-446655440274', '650e8400-e29b-41d4-a716-446655440055', 4, '4260231221476', '101-200', 41, 0),
('750e8400-e29b-41d4-a716-446655440275', '650e8400-e29b-41d4-a716-446655440055', 5, '4001724818809', '0-100', 525, 0);

-- Session 56 Rounds
INSERT INTO ROUND (ROUND_ID, SESSION_ID, ROUND_NUMBER, BARCODE, GUESSED_RANGE, ACTUAL_KCAL, POINTS) VALUES 
('750e8400-e29b-41d4-a716-446655440276', '650e8400-e29b-41d4-a716-446655440056', 1, '8410128002862', '0-100', 26, 1000),
('750e8400-e29b-41d4-a716-446655440277', '650e8400-e29b-41d4-a716-446655440056', 2, '8410076472106', '301-400', 391, 1000),
('750e8400-e29b-41d4-a716-446655440278', '650e8400-e29b-41d4-a716-446655440056', 3, '4000400121783', '0-100', 87, 1000),
('750e8400-e29b-41d4-a716-446655440279', '650e8400-e29b-41d4-a716-446655440056', 4, '5053990101764', '501-600', 536, 1000),
('750e8400-e29b-41d4-a716-446655440280', '650e8400-e29b-41d4-a716-446655440056', 5, '4056489016914', '101-200', 203, 0);

-- Session 57 Rounds
INSERT INTO ROUND (ROUND_ID, SESSION_ID, ROUND_NUMBER, BARCODE, GUESSED_RANGE, ACTUAL_KCAL, POINTS) VALUES 
('750e8400-e29b-41d4-a716-446655440281', '650e8400-e29b-41d4-a716-446655440057', 1, '4008400402123', '201-300', 495, 0),
('750e8400-e29b-41d4-a716-446655440282', '650e8400-e29b-41d4-a716-446655440057', 2, '5000159459227', '0-100', 260, 0),
('750e8400-e29b-41d4-a716-446655440283', '650e8400-e29b-41d4-a716-446655440057', 3, '5449000214799', '301-400', 37, 0),
('750e8400-e29b-41d4-a716-446655440284', '650e8400-e29b-41d4-a716-446655440057', 4, '4011100003699', '501-600', 574, 1000),
('750e8400-e29b-41d4-a716-446655440285', '650e8400-e29b-41d4-a716-446655440057', 5, '7613033493195', '0-100', 73, 1000);

-- Session 58 Rounds
INSERT INTO ROUND (ROUND_ID, SESSION_ID, ROUND_NUMBER, BARCODE, GUESSED_RANGE, ACTUAL_KCAL, POINTS) VALUES 
('750e8400-e29b-41d4-a716-446655440286', '650e8400-e29b-41d4-a716-446655440058', 1, '4056489000846', '201-300', 280, 1000),
('750e8400-e29b-41d4-a716-446655440287', '650e8400-e29b-41d4-a716-446655440058', 2, '4003880011452', '0-100', 225, 0),
('750e8400-e29b-41d4-a716-446655440288', '650e8400-e29b-41d4-a716-446655440058', 3, '4311596484294', '401-500', 217, 0),
('750e8400-e29b-41d4-a716-446655440289', '650e8400-e29b-41d4-a716-446655440058', 4, '4014400916324', '301-400', 343, 1000),
('750e8400-e29b-41d4-a716-446655440290', '650e8400-e29b-41d4-a716-446655440058', 5, '8410100017686', '201-300', 478, 0);

-- Session 59 Rounds
INSERT INTO ROUND (ROUND_ID, SESSION_ID, ROUND_NUMBER, BARCODE, GUESSED_RANGE, ACTUAL_KCAL, POINTS) VALUES 
('750e8400-e29b-41d4-a716-446655440291', '650e8400-e29b-41d4-a716-446655440059', 1, '5449000133335', '501-600', 40, 0),
('750e8400-e29b-41d4-a716-446655440292', '650e8400-e29b-41d4-a716-446655440059', 2, '4000446015187', '401-500', 432, 1000),
('750e8400-e29b-41d4-a716-446655440293', '650e8400-e29b-41d4-a716-446655440059', 3, '8410128002862', '0-100', 26, 1000),
('750e8400-e29b-41d4-a716-446655440294', '650e8400-e29b-41d4-a716-446655440059', 4, '5000354854392', '0-100', 357, 0),
('750e8400-e29b-41d4-a716-446655440295', '650e8400-e29b-41d4-a716-446655440059', 5, '7613035937253', '101-200', 417, 0);

-- Session 60 Rounds
INSERT INTO ROUND (ROUND_ID, SESSION_ID, ROUND_NUMBER, BARCODE, GUESSED_RANGE, ACTUAL_KCAL, POINTS) VALUES 
('750e8400-e29b-41d4-a716-446655440296', '650e8400-e29b-41d4-a716-446655440060', 1, '4056489011293', '201-300', 236, 1000),
('750e8400-e29b-41d4-a716-446655440297', '650e8400-e29b-41d4-a716-446655440060', 2, '8712100663048', '201-300', 257, 1000),
('750e8400-e29b-41d4-a716-446655440298', '650e8400-e29b-41d4-a716-446655440060', 3, '40111445', '501-600', 518, 1000),
('750e8400-e29b-41d4-a716-446655440299', '650e8400-e29b-41d4-a716-446655440060', 4, '4000400131119', '101-200', 102, 1000),
('750e8400-e29b-41d4-a716-446655440300', '650e8400-e29b-41d4-a716-446655440060', 5, '8710398025456', '501-600', 533, 1000);

-- Session 61 Rounds
INSERT INTO ROUND (ROUND_ID, SESSION_ID, ROUND_NUMBER, BARCODE, GUESSED_RANGE, ACTUAL_KCAL, POINTS) VALUES 
('750e8400-e29b-41d4-a716-446655440301', '650e8400-e29b-41d4-a716-446655440061', 1, '7613033089089', '301-400', 375, 1000),
('750e8400-e29b-41d4-a716-446655440302', '650e8400-e29b-41d4-a716-446655440061', 2, '4260231221476', '301-400', 41, 0),
('750e8400-e29b-41d4-a716-446655440303', '650e8400-e29b-41d4-a716-446655440061', 3, '9002491000223', '0-100', 45, 1000),
('750e8400-e29b-41d4-a716-446655440304', '650e8400-e29b-41d4-a716-446655440061', 4, '5053990101764', '501-600', 536, 1000),
('750e8400-e29b-41d4-a716-446655440305', '650e8400-e29b-41d4-a716-446655440061', 5, '4003880011452', '101-200', 225, 0);

-- Session 62 Rounds
INSERT INTO ROUND (ROUND_ID, SESSION_ID, ROUND_NUMBER, BARCODE, GUESSED_RANGE, ACTUAL_KCAL, POINTS) VALUES 
('750e8400-e29b-41d4-a716-446655440306', '650e8400-e29b-41d4-a716-446655440062', 1, '4056489016914', '401-500', 203, 0),
('750e8400-e29b-41d4-a716-446655440307', '650e8400-e29b-41d4-a716-446655440062', 2, '5410063011854', '101-200', 90, 0),
('750e8400-e29b-41d4-a716-446655440308', '650e8400-e29b-41d4-a716-446655440062', 3, '7622210743664', '501-600', 535, 1000),
('750e8400-e29b-41d4-a716-446655440309', '650e8400-e29b-41d4-a716-446655440062', 4, '4056489016914', '201-300', 203, 1000),
('750e8400-e29b-41d4-a716-446655440310', '650e8400-e29b-41d4-a716-446655440062', 5, '8712100663048', '401-500', 257, 0);

-- Session 63 Rounds
INSERT INTO ROUND (ROUND_ID, SESSION_ID, ROUND_NUMBER, BARCODE, GUESSED_RANGE, ACTUAL_KCAL, POINTS) VALUES 
('750e8400-e29b-41d4-a716-446655440311', '650e8400-e29b-41d4-a716-446655440063', 1, '9002491000223', '401-500', 45, 0),
('750e8400-e29b-41d4-a716-446655440312', '650e8400-e29b-41d4-a716-446655440063', 2, '9002491000223', '0-100', 45, 1000),
('750e8400-e29b-41d4-a716-446655440313', '650e8400-e29b-41d4-a716-446655440063', 3, '4056489016914', '301-400', 203, 0),
('750e8400-e29b-41d4-a716-446655440314', '650e8400-e29b-41d4-a716-446655440063', 4, '7613033089089', '301-400', 375, 1000),
('750e8400-e29b-41d4-a716-446655440315', '650e8400-e29b-41d4-a716-446655440063', 5, '5053990101764', '501-600', 536, 1000);

-- Session 64 Rounds
INSERT INTO ROUND (ROUND_ID, SESSION_ID, ROUND_NUMBER, BARCODE, GUESSED_RANGE, ACTUAL_KCAL, POINTS) VALUES 
('750e8400-e29b-41d4-a716-446655440316', '650e8400-e29b-41d4-a716-446655440064', 1, '4011100003699', '101-200', 574, 0),
('750e8400-e29b-41d4-a716-446655440317', '650e8400-e29b-41d4-a716-446655440064', 2, '5053990101764', '501-600', 536, 1000),
('750e8400-e29b-41d4-a716-446655440318', '650e8400-e29b-41d4-a716-446655440064', 3, '4000446015187', '401-500', 432, 1000),
('750e8400-e29b-41d4-a716-446655440319', '650e8400-e29b-41d4-a716-446655440064', 4, '8410128002862', '501-600', 26, 0),
('750e8400-e29b-41d4-a716-446655440320', '650e8400-e29b-41d4-a716-446655440064', 5, '4260231221476', '0-100', 41, 1000);

-- Session 65 Rounds
INSERT INTO ROUND (ROUND_ID, SESSION_ID, ROUND_NUMBER, BARCODE, GUESSED_RANGE, ACTUAL_KCAL, POINTS) VALUES 
('750e8400-e29b-41d4-a716-446655440321', '650e8400-e29b-41d4-a716-446655440065', 1, '4008400402123', '201-300', 495, 0),
('750e8400-e29b-41d4-a716-446655440322', '650e8400-e29b-41d4-a716-446655440065', 2, '4260173781403', '501-600', 530, 1000),
('750e8400-e29b-41d4-a716-446655440323', '650e8400-e29b-41d4-a716-446655440065', 3, '8410076472106', '301-400', 391, 1000),
('750e8400-e29b-41d4-a716-446655440324', '650e8400-e29b-41d4-a716-446655440065', 4, '4011100003699', '501-600', 574, 1000),
('750e8400-e29b-41d4-a716-446655440325', '650e8400-e29b-41d4-a716-446655440065', 5, '7622210449283', '401-500', 530, 0);

-- Session 66 Rounds
INSERT INTO ROUND (ROUND_ID, SESSION_ID, ROUND_NUMBER, BARCODE, GUESSED_RANGE, ACTUAL_KCAL, POINTS) VALUES 
('750e8400-e29b-41d4-a716-446655440326', '650e8400-e29b-41d4-a716-446655440066', 1, '7622210743664', '101-200', 535, 0),
('750e8400-e29b-41d4-a716-446655440327', '650e8400-e29b-41d4-a716-446655440066', 2, '4000467026003', '401-500', 329, 0),
('750e8400-e29b-41d4-a716-446655440328', '650e8400-e29b-41d4-a716-446655440066', 3, '4008400402123', '501-600', 495, 0),
('750e8400-e29b-41d4-a716-446655440329', '650e8400-e29b-41d4-a716-446655440066', 4, '7622210743664', '301-400', 535, 0),
('750e8400-e29b-41d4-a716-446655440330', '650e8400-e29b-41d4-a716-446655440066', 5, '4025500021412', '101-200', 112, 1000);

-- Session 67 Rounds
INSERT INTO ROUND (ROUND_ID, SESSION_ID, ROUND_NUMBER, BARCODE, GUESSED_RANGE, ACTUAL_KCAL, POINTS) VALUES 
('750e8400-e29b-41d4-a716-446655440331', '650e8400-e29b-41d4-a716-446655440067', 1, '4000417025005', '501-600', 560, 1000),
('750e8400-e29b-41d4-a716-446655440332', '650e8400-e29b-41d4-a716-446655440067', 2, '4000446015187', '401-500', 432, 1000),
('750e8400-e29b-41d4-a716-446655440333', '650e8400-e29b-41d4-a716-446655440067', 3, '5449000000996', '101-200', 42, 0),
('750e8400-e29b-41d4-a716-446655440334', '650e8400-e29b-41d4-a716-446655440067', 4, '5449000214799', '101-200', 37, 0),
('750e8400-e29b-41d4-a716-446655440335', '650e8400-e29b-41d4-a716-446655440067', 5, '4014400916324', '301-400', 343, 1000);

-- Session 68 Rounds
INSERT INTO ROUND (ROUND_ID, SESSION_ID, ROUND_NUMBER, BARCODE, GUESSED_RANGE, ACTUAL_KCAL, POINTS) VALUES 
('750e8400-e29b-41d4-a716-446655440336', '650e8400-e29b-41d4-a716-446655440068', 1, '5449000214799', '101-200', 37, 0),
('750e8400-e29b-41d4-a716-446655440337', '650e8400-e29b-41d4-a716-446655440068', 2, '5000354854392', '301-400', 357, 1000),
('750e8400-e29b-41d4-a716-446655440338', '650e8400-e29b-41d4-a716-446655440068', 3, '4003880011452', '501-600', 225, 0),
('750e8400-e29b-41d4-a716-446655440339', '650e8400-e29b-41d4-a716-446655440068', 4, '4260173781403', '301-400', 530, 0),
('750e8400-e29b-41d4-a716-446655440340', '650e8400-e29b-41d4-a716-446655440068', 5, '5410063011854', '301-400', 90, 0);

-- Session 69 Rounds
INSERT INTO ROUND (ROUND_ID, SESSION_ID, ROUND_NUMBER, BARCODE, GUESSED_RANGE, ACTUAL_KCAL, POINTS) VALUES 
('750e8400-e29b-41d4-a716-446655440341', '650e8400-e29b-41d4-a716-446655440069', 1, '8410128002862', '301-400', 26, 0),
('750e8400-e29b-41d4-a716-446655440342', '650e8400-e29b-41d4-a716-446655440069', 2, '5449000214799', '501-600', 37, 0),
('750e8400-e29b-41d4-a716-446655440343', '650e8400-e29b-41d4-a716-446655440069', 3, '4008400402123', '101-200', 495, 0),
('750e8400-e29b-41d4-a716-446655440344', '650e8400-e29b-41d4-a716-446655440069', 4, '4000467026003', '301-400', 329, 1000),
('750e8400-e29b-41d4-a716-446655440345', '650e8400-e29b-41d4-a716-446655440069', 5, '8712100663048', '201-300', 257, 1000);

-- Session 70 Rounds
INSERT INTO ROUND (ROUND_ID, SESSION_ID, ROUND_NUMBER, BARCODE, GUESSED_RANGE, ACTUAL_KCAL, POINTS) VALUES 
('750e8400-e29b-41d4-a716-446655440346', '650e8400-e29b-41d4-a716-446655440070', 1, '5000354854392', '301-400', 357, 1000),
('750e8400-e29b-41d4-a716-446655440347', '650e8400-e29b-41d4-a716-446655440070', 2, '5449000000996', '0-100', 42, 1000),
('750e8400-e29b-41d4-a716-446655440348', '650e8400-e29b-41d4-a716-446655440070', 3, '4003880011452', '501-600', 225, 0),
('750e8400-e29b-41d4-a716-446655440349', '650e8400-e29b-41d4-a716-446655440070', 4, '4000446015187', '401-500', 432, 1000),
('750e8400-e29b-41d4-a716-446655440350', '650e8400-e29b-41d4-a716-446655440070', 5, '4260173781403', '501-600', 530, 1000);

-- Session 71 Rounds
INSERT INTO ROUND (ROUND_ID, SESSION_ID, ROUND_NUMBER, BARCODE, GUESSED_RANGE, ACTUAL_KCAL, POINTS) VALUES 
('750e8400-e29b-41d4-a716-446655440351', '650e8400-e29b-41d4-a716-446655440071', 1, '7622210743664', '301-400', 535, 0),
('750e8400-e29b-41d4-a716-446655440352', '650e8400-e29b-41d4-a716-446655440071', 2, '5449000000996', '301-400', 42, 0),
('750e8400-e29b-41d4-a716-446655440353', '650e8400-e29b-41d4-a716-446655440071', 3, '4000467026003', '101-200', 329, 0),
('750e8400-e29b-41d4-a716-446655440354', '650e8400-e29b-41d4-a716-446655440071', 4, '4311596484294', '201-300', 217, 1000),
('750e8400-e29b-41d4-a716-446655440355', '650e8400-e29b-41d4-a716-446655440071', 5, '4260173781403', '201-300', 530, 0);

-- Session 72 Rounds
INSERT INTO ROUND (ROUND_ID, SESSION_ID, ROUND_NUMBER, BARCODE, GUESSED_RANGE, ACTUAL_KCAL, POINTS) VALUES 
('750e8400-e29b-41d4-a716-446655440356', '650e8400-e29b-41d4-a716-446655440072', 1, '4014400916324', '301-400', 343, 1000),
('750e8400-e29b-41d4-a716-446655440357', '650e8400-e29b-41d4-a716-446655440072', 2, '4001724818809', '401-500', 525, 0),
('750e8400-e29b-41d4-a716-446655440358', '650e8400-e29b-41d4-a716-446655440072', 3, '5449000214799', '401-500', 37, 0),
('750e8400-e29b-41d4-a716-446655440359', '650e8400-e29b-41d4-a716-446655440072', 4, '4000400127600', '201-300', 460, 0),
('750e8400-e29b-41d4-a716-446655440360', '650e8400-e29b-41d4-a716-446655440072', 5, '4056489016914', '301-400', 203, 0);

-- Session 73 Rounds
INSERT INTO ROUND (ROUND_ID, SESSION_ID, ROUND_NUMBER, BARCODE, GUESSED_RANGE, ACTUAL_KCAL, POINTS) VALUES 
('750e8400-e29b-41d4-a716-446655440361', '650e8400-e29b-41d4-a716-446655440073', 1, '7622210449900', '301-400', 524, 0),
('750e8400-e29b-41d4-a716-446655440362', '650e8400-e29b-41d4-a716-446655440073', 2, '5449000214911', '401-500', 38, 0),
('750e8400-e29b-41d4-a716-446655440363', '650e8400-e29b-41d4-a716-446655440073', 3, '4000400131119', '0-100', 102, 0),
('750e8400-e29b-41d4-a716-446655440364', '650e8400-e29b-41d4-a716-446655440073', 4, '5449000214911', '0-100', 38, 1000),
('750e8400-e29b-41d4-a716-446655440365', '650e8400-e29b-41d4-a716-446655440073', 5, '5000159459227', '501-600', 260, 0);

-- Session 74 Rounds
INSERT INTO ROUND (ROUND_ID, SESSION_ID, ROUND_NUMBER, BARCODE, GUESSED_RANGE, ACTUAL_KCAL, POINTS) VALUES 
('750e8400-e29b-41d4-a716-446655440366', '650e8400-e29b-41d4-a716-446655440074', 1, '8410128002862', '301-400', 26, 0),
('750e8400-e29b-41d4-a716-446655440367', '650e8400-e29b-41d4-a716-446655440074', 2, '5449000214799', '0-100', 37, 1000),
('750e8400-e29b-41d4-a716-446655440368', '650e8400-e29b-41d4-a716-446655440074', 3, '4001724005001', '301-400', 522, 0),
('750e8400-e29b-41d4-a716-446655440369', '650e8400-e29b-41d4-a716-446655440074', 4, '7613035937253', '401-500', 417, 1000),
('750e8400-e29b-41d4-a716-446655440370', '650e8400-e29b-41d4-a716-446655440074', 5, '8410128002862', '401-500', 26, 0);

-- Session 75 Rounds
INSERT INTO ROUND (ROUND_ID, SESSION_ID, ROUND_NUMBER, BARCODE, GUESSED_RANGE, ACTUAL_KCAL, POINTS) VALUES 
('750e8400-e29b-41d4-a716-446655440371', '650e8400-e29b-41d4-a716-446655440075', 1, '5449000214911', '401-500', 38, 0),
('750e8400-e29b-41d4-a716-446655440372', '650e8400-e29b-41d4-a716-446655440075', 2, '4025500021412', '101-200', 112, 1000),
('750e8400-e29b-41d4-a716-446655440373', '650e8400-e29b-41d4-a716-446655440075', 3, '4008400402123', '201-300', 495, 0),
('750e8400-e29b-41d4-a716-446655440374', '650e8400-e29b-41d4-a716-446655440075', 4, '4003880011452', '301-400', 225, 0),
('750e8400-e29b-41d4-a716-446655440375', '650e8400-e29b-41d4-a716-446655440075', 5, '8712100663048', '501-600', 257, 0);

-- Session 76 Rounds
INSERT INTO ROUND (ROUND_ID, SESSION_ID, ROUND_NUMBER, BARCODE, GUESSED_RANGE, ACTUAL_KCAL, POINTS) VALUES 
('750e8400-e29b-41d4-a716-446655440376', '650e8400-e29b-41d4-a716-446655440076', 1, '7622210449283', '201-300', 530, 0),
('750e8400-e29b-41d4-a716-446655440377', '650e8400-e29b-41d4-a716-446655440076', 2, '7613033089089', '301-400', 375, 1000),
('750e8400-e29b-41d4-a716-446655440378', '650e8400-e29b-41d4-a716-446655440076', 3, '4001724825005', '0-100', 259, 0),
('750e8400-e29b-41d4-a716-446655440379', '650e8400-e29b-41d4-a716-446655440076', 4, '8712100663048', '401-500', 257, 0),
('750e8400-e29b-41d4-a716-446655440380', '650e8400-e29b-41d4-a716-446655440076', 5, '4003880011452', '201-300', 225, 1000);

-- Session 77 Rounds
INSERT INTO ROUND (ROUND_ID, SESSION_ID, ROUND_NUMBER, BARCODE, GUESSED_RANGE, ACTUAL_KCAL, POINTS) VALUES 
('750e8400-e29b-41d4-a716-446655440381', '650e8400-e29b-41d4-a716-446655440077', 1, '8410100017686', '401-500', 478, 1000),
('750e8400-e29b-41d4-a716-446655440382', '650e8400-e29b-41d4-a716-446655440077', 2, '4000446010007', '0-100', 486, 0),
('750e8400-e29b-41d4-a716-446655440383', '650e8400-e29b-41d4-a716-446655440077', 3, '8710398025456', '501-600', 533, 1000),
('750e8400-e29b-41d4-a716-446655440384', '650e8400-e29b-41d4-a716-446655440077', 4, '8000500037560', '301-400', 539, 0),
('750e8400-e29b-41d4-a716-446655440385', '650e8400-e29b-41d4-a716-446655440077', 5, '4056489016914', '0-100', 203, 0);

-- Session 78 Rounds
INSERT INTO ROUND (ROUND_ID, SESSION_ID, ROUND_NUMBER, BARCODE, GUESSED_RANGE, ACTUAL_KCAL, POINTS) VALUES 
('750e8400-e29b-41d4-a716-446655440386', '650e8400-e29b-41d4-a716-446655440078', 1, '4000467026003', '101-200', 329, 0),
('750e8400-e29b-41d4-a716-446655440387', '650e8400-e29b-41d4-a716-446655440078', 2, '4001724818809', '501-600', 525, 1000),
('750e8400-e29b-41d4-a716-446655440388', '650e8400-e29b-41d4-a716-446655440078', 3, '5000159484237', '0-100', 488, 0),
('750e8400-e29b-41d4-a716-446655440389', '650e8400-e29b-41d4-a716-446655440078', 4, '4260173781403', '0-100', 530, 0),
('750e8400-e29b-41d4-a716-446655440390', '650e8400-e29b-41d4-a716-446655440078', 5, '4056489011293', '101-200', 236, 0);

-- Session 79 Rounds
INSERT INTO ROUND (ROUND_ID, SESSION_ID, ROUND_NUMBER, BARCODE, GUESSED_RANGE, ACTUAL_KCAL, POINTS) VALUES 
('750e8400-e29b-41d4-a716-446655440391', '650e8400-e29b-41d4-a716-446655440079', 1, '4000446010007', '201-300', 486, 0),
('750e8400-e29b-41d4-a716-446655440392', '650e8400-e29b-41d4-a716-446655440079', 2, '7622210449900', '301-400', 524, 0),
('750e8400-e29b-41d4-a716-446655440393', '650e8400-e29b-41d4-a716-446655440079', 3, '4000446015187', '101-200', 432, 0),
('750e8400-e29b-41d4-a716-446655440394', '650e8400-e29b-41d4-a716-446655440079', 4, '4056489011293', '401-500', 236, 0),
('750e8400-e29b-41d4-a716-446655440395', '650e8400-e29b-41d4-a716-446655440079', 5, '5053990101764', '401-500', 536, 0);

-- Session 80 Rounds
INSERT INTO ROUND (ROUND_ID, SESSION_ID, ROUND_NUMBER, BARCODE, GUESSED_RANGE, ACTUAL_KCAL, POINTS) VALUES 
('750e8400-e29b-41d4-a716-446655440396', '650e8400-e29b-41d4-a716-446655440080', 1, '8000500037560', '201-300', 539, 0),
('750e8400-e29b-41d4-a716-446655440397', '650e8400-e29b-41d4-a716-446655440080', 2, '4003880011452', '201-300', 225, 1000),
('750e8400-e29b-41d4-a716-446655440398', '650e8400-e29b-41d4-a716-446655440080', 3, '7622210449900', '501-600', 524, 1000),
('750e8400-e29b-41d4-a716-446655440399', '650e8400-e29b-41d4-a716-446655440080', 4, '5000159484237', '401-500', 488, 1000),
('750e8400-e29b-41d4-a716-446655440400', '650e8400-e29b-41d4-a716-446655440080', 5, '8410076472106', '501-600', 391, 0);

-- Session 81 Rounds
INSERT INTO ROUND (ROUND_ID, SESSION_ID, ROUND_NUMBER, BARCODE, GUESSED_RANGE, ACTUAL_KCAL, POINTS) VALUES 
('750e8400-e29b-41d4-a716-446655440401', '650e8400-e29b-41d4-a716-446655440081', 1, '8712100663048', '101-200', 257, 0),
('750e8400-e29b-41d4-a716-446655440402', '650e8400-e29b-41d4-a716-446655440081', 2, '5410063011854', '301-400', 90, 0),
('750e8400-e29b-41d4-a716-446655440403', '650e8400-e29b-41d4-a716-446655440081', 3, '4025500021412', '501-600', 112, 0),
('750e8400-e29b-41d4-a716-446655440404', '650e8400-e29b-41d4-a716-446655440081', 4, '4000400121783', '301-400', 87, 0),
('750e8400-e29b-41d4-a716-446655440405', '650e8400-e29b-41d4-a716-446655440081', 5, '5053990101764', '101-200', 536, 0);

-- Session 82 Rounds
INSERT INTO ROUND (ROUND_ID, SESSION_ID, ROUND_NUMBER, BARCODE, GUESSED_RANGE, ACTUAL_KCAL, POINTS) VALUES 
('750e8400-e29b-41d4-a716-446655440406', '650e8400-e29b-41d4-a716-446655440082', 1, '5449000214799', '0-100', 37, 1000),
('750e8400-e29b-41d4-a716-446655440407', '650e8400-e29b-41d4-a716-446655440082', 2, '4003880011452', '201-300', 225, 1000),
('750e8400-e29b-41d4-a716-446655440408', '650e8400-e29b-41d4-a716-446655440082', 3, '4000446015187', '301-400', 432, 0),
('750e8400-e29b-41d4-a716-446655440409', '650e8400-e29b-41d4-a716-446655440082', 4, '4000400121783', '201-300', 87, 0),
('750e8400-e29b-41d4-a716-446655440410', '650e8400-e29b-41d4-a716-446655440082', 5, '4000446010007', '101-200', 486, 0);

-- Session 83 Rounds
INSERT INTO ROUND (ROUND_ID, SESSION_ID, ROUND_NUMBER, BARCODE, GUESSED_RANGE, ACTUAL_KCAL, POINTS) VALUES 
('750e8400-e29b-41d4-a716-446655440411', '650e8400-e29b-41d4-a716-446655440083', 1, '7622210449900', '201-300', 524, 0),
('750e8400-e29b-41d4-a716-446655440412', '650e8400-e29b-41d4-a716-446655440083', 2, '4008400402123', '301-400', 495, 0),
('750e8400-e29b-41d4-a716-446655440413', '650e8400-e29b-41d4-a716-446655440083', 3, '4008400402123', '301-400', 495, 0),
('750e8400-e29b-41d4-a716-446655440414', '650e8400-e29b-41d4-a716-446655440083', 4, '5000159484237', '301-400', 488, 0),
('750e8400-e29b-41d4-a716-446655440415', '650e8400-e29b-41d4-a716-446655440083', 5, '4056489000846', '0-100', 280, 0);

-- Session 84 Rounds
INSERT INTO ROUND (ROUND_ID, SESSION_ID, ROUND_NUMBER, BARCODE, GUESSED_RANGE, ACTUAL_KCAL, POINTS) VALUES 
('750e8400-e29b-41d4-a716-446655440416', '650e8400-e29b-41d4-a716-446655440084', 1, '4000446015187', '201-300', 432, 0),
('750e8400-e29b-41d4-a716-446655440417', '650e8400-e29b-41d4-a716-446655440084', 2, '4025500021412', '401-500', 112, 0),
('750e8400-e29b-41d4-a716-446655440418', '650e8400-e29b-41d4-a716-446655440084', 3, '4056489000846', '201-300', 280, 1000),
('750e8400-e29b-41d4-a716-446655440419', '650e8400-e29b-41d4-a716-446655440084', 4, '4025500021412', '501-600', 112, 0),
('750e8400-e29b-41d4-a716-446655440420', '650e8400-e29b-41d4-a716-446655440084', 5, '4000400121783', '401-500', 87, 0);

-- Session 85 Rounds
INSERT INTO ROUND (ROUND_ID, SESSION_ID, ROUND_NUMBER, BARCODE, GUESSED_RANGE, ACTUAL_KCAL, POINTS) VALUES 
('750e8400-e29b-41d4-a716-446655440421', '650e8400-e29b-41d4-a716-446655440085', 1, '4011100003699', '501-600', 574, 1000),
('750e8400-e29b-41d4-a716-446655440422', '650e8400-e29b-41d4-a716-446655440085', 2, '5449000000996', '0-100', 42, 1000),
('750e8400-e29b-41d4-a716-446655440423', '650e8400-e29b-41d4-a716-446655440085', 3, '5000159459227', '101-200', 260, 0),
('750e8400-e29b-41d4-a716-446655440424', '650e8400-e29b-41d4-a716-446655440085', 4, '5449000214911', '101-200', 38, 0),
('750e8400-e29b-41d4-a716-446655440425', '650e8400-e29b-41d4-a716-446655440085', 5, '4000467026003', '0-100', 329, 0);

-- Session 86 Rounds
INSERT INTO ROUND (ROUND_ID, SESSION_ID, ROUND_NUMBER, BARCODE, GUESSED_RANGE, ACTUAL_KCAL, POINTS) VALUES 
('750e8400-e29b-41d4-a716-446655440426', '650e8400-e29b-41d4-a716-446655440086', 1, '5410063011854', '0-100', 90, 1000),
('750e8400-e29b-41d4-a716-446655440427', '650e8400-e29b-41d4-a716-446655440086', 2, '8410076472106', '0-100', 391, 0),
('750e8400-e29b-41d4-a716-446655440428', '650e8400-e29b-41d4-a716-446655440086', 3, '4000400131119', '301-400', 102, 0),
('750e8400-e29b-41d4-a716-446655440429', '650e8400-e29b-41d4-a716-446655440086', 4, '4025500021207', '0-100', 70, 1000),
('750e8400-e29b-41d4-a716-446655440430', '650e8400-e29b-41d4-a716-446655440086', 5, '4014400916324', '301-400', 343, 1000);

-- Session 87 Rounds
INSERT INTO ROUND (ROUND_ID, SESSION_ID, ROUND_NUMBER, BARCODE, GUESSED_RANGE, ACTUAL_KCAL, POINTS) VALUES 
('750e8400-e29b-41d4-a716-446655440431', '650e8400-e29b-41d4-a716-446655440087', 1, '4003880011452', '101-200', 225, 0),
('750e8400-e29b-41d4-a716-446655440432', '650e8400-e29b-41d4-a716-446655440087', 2, '4001724818809', '501-600', 525, 1000),
('750e8400-e29b-41d4-a716-446655440433', '650e8400-e29b-41d4-a716-446655440087', 3, '5449000133335', '501-600', 40, 0),
('750e8400-e29b-41d4-a716-446655440434', '650e8400-e29b-41d4-a716-446655440087', 4, '5000159459227', '201-300', 260, 1000),
('750e8400-e29b-41d4-a716-446655440435', '650e8400-e29b-41d4-a716-446655440087', 5, '8410128002862', '0-100', 26, 1000);

-- Session 88 Rounds
INSERT INTO ROUND (ROUND_ID, SESSION_ID, ROUND_NUMBER, BARCODE, GUESSED_RANGE, ACTUAL_KCAL, POINTS) VALUES 
('750e8400-e29b-41d4-a716-446655440436', '650e8400-e29b-41d4-a716-446655440088', 1, '4056489011293', '401-500', 236, 0),
('750e8400-e29b-41d4-a716-446655440437', '650e8400-e29b-41d4-a716-446655440088', 2, '7613033089089', '401-500', 375, 0),
('750e8400-e29b-41d4-a716-446655440438', '650e8400-e29b-41d4-a716-446655440088', 3, '7622210743664', '101-200', 535, 0),
('750e8400-e29b-41d4-a716-446655440439', '650e8400-e29b-41d4-a716-446655440088', 4, '5449000000996', '301-400', 42, 0),
('750e8400-e29b-41d4-a716-446655440440', '650e8400-e29b-41d4-a716-446655440088', 5, '8410128002862', '0-100', 26, 1000);

-- Session 89 Rounds
INSERT INTO ROUND (ROUND_ID, SESSION_ID, ROUND_NUMBER, BARCODE, GUESSED_RANGE, ACTUAL_KCAL, POINTS) VALUES 
('750e8400-e29b-41d4-a716-446655440441', '650e8400-e29b-41d4-a716-446655440089', 1, '4311596484294', '401-500', 217, 0),
('750e8400-e29b-41d4-a716-446655440442', '650e8400-e29b-41d4-a716-446655440089', 2, '8410076472106', '301-400', 391, 1000),
('750e8400-e29b-41d4-a716-446655440443', '650e8400-e29b-41d4-a716-446655440089', 3, '4000400121783', '101-200', 87, 0),
('750e8400-e29b-41d4-a716-446655440444', '650e8400-e29b-41d4-a716-446655440089', 4, '5000354854392', '301-400', 357, 1000),
('750e8400-e29b-41d4-a716-446655440445', '650e8400-e29b-41d4-a716-446655440089', 5, '4025500021207', '301-400', 70, 0);

-- Session 90 Rounds
INSERT INTO ROUND (ROUND_ID, SESSION_ID, ROUND_NUMBER, BARCODE, GUESSED_RANGE, ACTUAL_KCAL, POINTS) VALUES 
('750e8400-e29b-41d4-a716-446655440446', '650e8400-e29b-41d4-a716-446655440090', 1, '40111445', '301-400', 518, 0),
('750e8400-e29b-41d4-a716-446655440447', '650e8400-e29b-41d4-a716-446655440090', 2, '7613035937253', '401-500', 417, 1000),
('750e8400-e29b-41d4-a716-446655440448', '650e8400-e29b-41d4-a716-446655440090', 3, '5000159459227', '0-100', 260, 0),
('750e8400-e29b-41d4-a716-446655440449', '650e8400-e29b-41d4-a716-446655440090', 4, '4260231221476', '301-400', 41, 0),
('750e8400-e29b-41d4-a716-446655440450', '650e8400-e29b-41d4-a716-446655440090', 5, '4260173781403', '201-300', 530, 0);

-- Session 91 Rounds
INSERT INTO ROUND (ROUND_ID, SESSION_ID, ROUND_NUMBER, BARCODE, GUESSED_RANGE, ACTUAL_KCAL, POINTS) VALUES 
('750e8400-e29b-41d4-a716-446655440451', '650e8400-e29b-41d4-a716-446655440091', 1, '4260173781403', '401-500', 530, 0),
('750e8400-e29b-41d4-a716-446655440452', '650e8400-e29b-41d4-a716-446655440091', 2, '7613033089089', '101-200', 375, 0),
('750e8400-e29b-41d4-a716-446655440453', '650e8400-e29b-41d4-a716-446655440091', 3, '4000467026003', '301-400', 329, 1000),
('750e8400-e29b-41d4-a716-446655440454', '650e8400-e29b-41d4-a716-446655440091', 4, '4000467026003', '201-300', 329, 0),
('750e8400-e29b-41d4-a716-446655440455', '650e8400-e29b-41d4-a716-446655440091', 5, '5410063011854', '0-100', 90, 1000);

-- Session 92 Rounds
INSERT INTO ROUND (ROUND_ID, SESSION_ID, ROUND_NUMBER, BARCODE, GUESSED_RANGE, ACTUAL_KCAL, POINTS) VALUES 
('750e8400-e29b-41d4-a716-446655440456', '650e8400-e29b-41d4-a716-446655440092', 1, '7613033493195', '101-200', 73, 0),
('750e8400-e29b-41d4-a716-446655440457', '650e8400-e29b-41d4-a716-446655440092', 2, '7622210743664', '301-400', 535, 0),
('750e8400-e29b-41d4-a716-446655440458', '650e8400-e29b-41d4-a716-446655440092', 3, '4001724005001', '401-500', 522, 0),
('750e8400-e29b-41d4-a716-446655440459', '650e8400-e29b-41d4-a716-446655440092', 4, '7613033493195', '301-400', 73, 0),
('750e8400-e29b-41d4-a716-446655440460', '650e8400-e29b-41d4-a716-446655440092', 5, '4001724818809', '301-400', 525, 0);

-- Session 93 Rounds
INSERT INTO ROUND (ROUND_ID, SESSION_ID, ROUND_NUMBER, BARCODE, GUESSED_RANGE, ACTUAL_KCAL, POINTS) VALUES 
('750e8400-e29b-41d4-a716-446655440461', '650e8400-e29b-41d4-a716-446655440093', 1, '7622210743664', '201-300', 535, 0),
('750e8400-e29b-41d4-a716-446655440462', '650e8400-e29b-41d4-a716-446655440093', 2, '4000400127600', '0-100', 460, 0),
('750e8400-e29b-41d4-a716-446655440463', '650e8400-e29b-41d4-a716-446655440093', 3, '4014400916324', '101-200', 343, 0),
('750e8400-e29b-41d4-a716-446655440464', '650e8400-e29b-41d4-a716-446655440093', 4, '5000159459227', '401-500', 260, 0),
('750e8400-e29b-41d4-a716-446655440465', '650e8400-e29b-41d4-a716-446655440093', 5, '9002491000223', '401-500', 45, 0);

-- Session 94 Rounds
INSERT INTO ROUND (ROUND_ID, SESSION_ID, ROUND_NUMBER, BARCODE, GUESSED_RANGE, ACTUAL_KCAL, POINTS) VALUES 
('750e8400-e29b-41d4-a716-446655440466', '650e8400-e29b-41d4-a716-446655440094', 1, '5000159484237', '0-100', 488, 0),
('750e8400-e29b-41d4-a716-446655440467', '650e8400-e29b-41d4-a716-446655440094', 2, '4056489011293', '301-400', 236, 0),
('750e8400-e29b-41d4-a716-446655440468', '650e8400-e29b-41d4-a716-446655440094', 3, '8410128002862', '301-400', 26, 0),
('750e8400-e29b-41d4-a716-446655440469', '650e8400-e29b-41d4-a716-446655440094', 4, '4008400402123', '301-400', 495, 0),
('750e8400-e29b-41d4-a716-446655440470', '650e8400-e29b-41d4-a716-446655440094', 5, '40111445', '401-500', 518, 0);

-- Session 95 Rounds
INSERT INTO ROUND (ROUND_ID, SESSION_ID, ROUND_NUMBER, BARCODE, GUESSED_RANGE, ACTUAL_KCAL, POINTS) VALUES 
('750e8400-e29b-41d4-a716-446655440471', '650e8400-e29b-41d4-a716-446655440095', 1, '4000400131119', '201-300', 102, 0),
('750e8400-e29b-41d4-a716-446655440472', '650e8400-e29b-41d4-a716-446655440095', 2, '4056489000846', '201-300', 280, 1000),
('750e8400-e29b-41d4-a716-446655440473', '650e8400-e29b-41d4-a716-446655440095', 3, '4056489011293', '301-400', 236, 0),
('750e8400-e29b-41d4-a716-446655440474', '650e8400-e29b-41d4-a716-446655440095', 4, '4056489000846', '101-200', 280, 0),
('750e8400-e29b-41d4-a716-446655440475', '650e8400-e29b-41d4-a716-446655440095', 5, '7622210449283', '201-300', 530, 0);

-- Session 96 Rounds
INSERT INTO ROUND (ROUND_ID, SESSION_ID, ROUND_NUMBER, BARCODE, GUESSED_RANGE, ACTUAL_KCAL, POINTS) VALUES 
('750e8400-e29b-41d4-a716-446655440476', '650e8400-e29b-41d4-a716-446655440096', 1, '4000446010007', '401-500', 486, 1000),
('750e8400-e29b-41d4-a716-446655440477', '650e8400-e29b-41d4-a716-446655440096', 2, '5000354854392', '101-200', 357, 0),
('750e8400-e29b-41d4-a716-446655440478', '650e8400-e29b-41d4-a716-446655440096', 3, '4000400121783', '501-600', 87, 0),
('750e8400-e29b-41d4-a716-446655440479', '650e8400-e29b-41d4-a716-446655440096', 4, '4003880011452', '101-200', 225, 0),
('750e8400-e29b-41d4-a716-446655440480', '650e8400-e29b-41d4-a716-446655440096', 5, '4003880011452', '401-500', 225, 0);

-- Session 97 Rounds
INSERT INTO ROUND (ROUND_ID, SESSION_ID, ROUND_NUMBER, BARCODE, GUESSED_RANGE, ACTUAL_KCAL, POINTS) VALUES 
('750e8400-e29b-41d4-a716-446655440481', '650e8400-e29b-41d4-a716-446655440097', 1, '5449000133335', '301-400', 40, 0),
('750e8400-e29b-41d4-a716-446655440482', '650e8400-e29b-41d4-a716-446655440097', 2, '7622210449283', '101-200', 530, 0),
('750e8400-e29b-41d4-a716-446655440483', '650e8400-e29b-41d4-a716-446655440097', 3, '5410063011854', '201-300', 90, 0),
('750e8400-e29b-41d4-a716-446655440484', '650e8400-e29b-41d4-a716-446655440097', 4, '7613033493195', '0-100', 73, 1000),
('750e8400-e29b-41d4-a716-446655440485', '650e8400-e29b-41d4-a716-446655440097', 5, '5000159459227', '301-400', 260, 0);

-- Session 98 Rounds
INSERT INTO ROUND (ROUND_ID, SESSION_ID, ROUND_NUMBER, BARCODE, GUESSED_RANGE, ACTUAL_KCAL, POINTS) VALUES 
('750e8400-e29b-41d4-a716-446655440486', '650e8400-e29b-41d4-a716-446655440098', 1, '4000417025005', '101-200', 560, 0),
('750e8400-e29b-41d4-a716-446655440487', '650e8400-e29b-41d4-a716-446655440098', 2, '4000400127600', '301-400', 460, 0),
('750e8400-e29b-41d4-a716-446655440488', '650e8400-e29b-41d4-a716-446655440098', 3, '5449000214911', '501-600', 38, 0),
('750e8400-e29b-41d4-a716-446655440489', '650e8400-e29b-41d4-a716-446655440098', 4, '40111445', '501-600', 518, 1000),
('750e8400-e29b-41d4-a716-446655440490', '650e8400-e29b-41d4-a716-446655440098', 5, '4025500021412', '201-300', 112, 0);

-- Session 99 Rounds
INSERT INTO ROUND (ROUND_ID, SESSION_ID, ROUND_NUMBER, BARCODE, GUESSED_RANGE, ACTUAL_KCAL, POINTS) VALUES 
('750e8400-e29b-41d4-a716-446655440491', '650e8400-e29b-41d4-a716-446655440099', 1, '5449000214799', '501-600', 37, 0),
('750e8400-e29b-41d4-a716-446655440492', '650e8400-e29b-41d4-a716-446655440099', 2, '8710398025456', '101-200', 533, 0),
('750e8400-e29b-41d4-a716-446655440493', '650e8400-e29b-41d4-a716-446655440099', 3, '4025500021412', '501-600', 112, 0),
('750e8400-e29b-41d4-a716-446655440494', '650e8400-e29b-41d4-a716-446655440099', 4, '5000159484237', '101-200', 488, 0),
('750e8400-e29b-41d4-a716-446655440495', '650e8400-e29b-41d4-a716-446655440099', 5, '8000500037560', '101-200', 539, 0);

-- Session 100 Rounds
INSERT INTO ROUND (ROUND_ID, SESSION_ID, ROUND_NUMBER, BARCODE, GUESSED_RANGE, ACTUAL_KCAL, POINTS) VALUES 
('750e8400-e29b-41d4-a716-446655440496', '650e8400-e29b-41d4-a716-446655440100', 1, '4000400127600', '0-100', 460, 0),
('750e8400-e29b-41d4-a716-446655440497', '650e8400-e29b-41d4-a716-446655440100', 2, '8000500037560', '501-600', 539, 1000),
('750e8400-e29b-41d4-a716-446655440498', '650e8400-e29b-41d4-a716-446655440100', 3, '5000354854392', '0-100', 357, 0),
('750e8400-e29b-41d4-a716-446655440499', '650e8400-e29b-41d4-a716-446655440100', 4, '4001724005001', '101-200', 522, 0),
('750e8400-e29b-41d4-a716-446655440500', '650e8400-e29b-41d4-a716-446655440100', 5, '4003880011452', '0-100', 225, 0);

-- Session 101 Rounds
INSERT INTO ROUND (ROUND_ID, SESSION_ID, ROUND_NUMBER, BARCODE, GUESSED_RANGE, ACTUAL_KCAL, POINTS) VALUES 
('750e8400-e29b-41d4-a716-446655440501', '650e8400-e29b-41d4-a716-446655440101', 1, '4000446015187', '201-300', 432, 0),
('750e8400-e29b-41d4-a716-446655440502', '650e8400-e29b-41d4-a716-446655440101', 2, '7622210449900', '301-400', 524, 0),
('750e8400-e29b-41d4-a716-446655440503', '650e8400-e29b-41d4-a716-446655440101', 3, '7622210449900', '401-500', 524, 0),
('750e8400-e29b-41d4-a716-446655440504', '650e8400-e29b-41d4-a716-446655440101', 4, '7622210449283', '401-500', 530, 0),
('750e8400-e29b-41d4-a716-446655440505', '650e8400-e29b-41d4-a716-446655440101', 5, '8410076472106', '0-100', 391, 0);

-- Session 102 Rounds
INSERT INTO ROUND (ROUND_ID, SESSION_ID, ROUND_NUMBER, BARCODE, GUESSED_RANGE, ACTUAL_KCAL, POINTS) VALUES 
('750e8400-e29b-41d4-a716-446655440506', '650e8400-e29b-41d4-a716-446655440102', 1, '4000417025005', '301-400', 560, 0),
('750e8400-e29b-41d4-a716-446655440507', '650e8400-e29b-41d4-a716-446655440102', 2, '4311596484294', '401-500', 217, 0),
('750e8400-e29b-41d4-a716-446655440508', '650e8400-e29b-41d4-a716-446655440102', 3, '5410063011854', '0-100', 90, 1000),
('750e8400-e29b-41d4-a716-446655440509', '650e8400-e29b-41d4-a716-446655440102', 4, '5449000214911', '201-300', 38, 0),
('750e8400-e29b-41d4-a716-446655440510', '650e8400-e29b-41d4-a716-446655440102', 5, '5449000000996', '0-100', 42, 1000);

-- Session 103 Rounds
INSERT INTO ROUND (ROUND_ID, SESSION_ID, ROUND_NUMBER, BARCODE, GUESSED_RANGE, ACTUAL_KCAL, POINTS) VALUES 
('750e8400-e29b-41d4-a716-446655440511', '650e8400-e29b-41d4-a716-446655440103', 1, '5449000133335', '501-600', 40, 0),
('750e8400-e29b-41d4-a716-446655440512', '650e8400-e29b-41d4-a716-446655440103', 2, '4000400131119', '501-600', 102, 0),
('750e8400-e29b-41d4-a716-446655440513', '650e8400-e29b-41d4-a716-446655440103', 3, '8410100017686', '501-600', 478, 0),
('750e8400-e29b-41d4-a716-446655440514', '650e8400-e29b-41d4-a716-446655440103', 4, '4260231221476', '101-200', 41, 0),
('750e8400-e29b-41d4-a716-446655440515', '650e8400-e29b-41d4-a716-446655440103', 5, '4056489000846', '501-600', 280, 0);

-- Session 104 Rounds
INSERT INTO ROUND (ROUND_ID, SESSION_ID, ROUND_NUMBER, BARCODE, GUESSED_RANGE, ACTUAL_KCAL, POINTS) VALUES 
('750e8400-e29b-41d4-a716-446655440516', '650e8400-e29b-41d4-a716-446655440104', 1, '8710398025456', '101-200', 533, 0),
('750e8400-e29b-41d4-a716-446655440517', '650e8400-e29b-41d4-a716-446655440104', 2, '4003880011452', '401-500', 225, 0),
('750e8400-e29b-41d4-a716-446655440518', '650e8400-e29b-41d4-a716-446655440104', 3, '4001724825005', '0-100', 259, 0),
('750e8400-e29b-41d4-a716-446655440519', '650e8400-e29b-41d4-a716-446655440104', 4, '4000400131119', '301-400', 102, 0),
('750e8400-e29b-41d4-a716-446655440520', '650e8400-e29b-41d4-a716-446655440104', 5, '7613033493195', '401-500', 73, 0);

-- Session 105 Rounds
INSERT INTO ROUND (ROUND_ID, SESSION_ID, ROUND_NUMBER, BARCODE, GUESSED_RANGE, ACTUAL_KCAL, POINTS) VALUES 
('750e8400-e29b-41d4-a716-446655440521', '650e8400-e29b-41d4-a716-446655440105', 1, '5449000000996', '0-100', 42, 1000),
('750e8400-e29b-41d4-a716-446655440522', '650e8400-e29b-41d4-a716-446655440105', 2, '5449000214911', '0-100', 38, 1000),
('750e8400-e29b-41d4-a716-446655440523', '650e8400-e29b-41d4-a716-446655440105', 3, '4008400402123', '201-300', 495, 0),
('750e8400-e29b-41d4-a716-446655440524', '650e8400-e29b-41d4-a716-446655440105', 4, '8000500037560', '401-500', 539, 0),
('750e8400-e29b-41d4-a716-446655440525', '650e8400-e29b-41d4-a716-446655440105', 5, '9002491000223', '101-200', 45, 0);

-- Session 106 Rounds
INSERT INTO ROUND (ROUND_ID, SESSION_ID, ROUND_NUMBER, BARCODE, GUESSED_RANGE, ACTUAL_KCAL, POINTS) VALUES 
('750e8400-e29b-41d4-a716-446655440526', '650e8400-e29b-41d4-a716-446655440106', 1, '4003880011452', '401-500', 225, 0),
('750e8400-e29b-41d4-a716-446655440527', '650e8400-e29b-41d4-a716-446655440106', 2, '4000417025005', '401-500', 560, 0),
('750e8400-e29b-41d4-a716-446655440528', '650e8400-e29b-41d4-a716-446655440106', 3, '8410076472106', '501-600', 391, 0),
('750e8400-e29b-41d4-a716-446655440529', '650e8400-e29b-41d4-a716-446655440106', 4, '7622210449900', '301-400', 524, 0),
('750e8400-e29b-41d4-a716-446655440530', '650e8400-e29b-41d4-a716-446655440106', 5, '4260173781403', '201-300', 530, 0);

-- Session 107 Rounds
INSERT INTO ROUND (ROUND_ID, SESSION_ID, ROUND_NUMBER, BARCODE, GUESSED_RANGE, ACTUAL_KCAL, POINTS) VALUES 
('750e8400-e29b-41d4-a716-446655440531', '650e8400-e29b-41d4-a716-446655440107', 1, '9002491000223', '301-400', 45, 0),
('750e8400-e29b-41d4-a716-446655440532', '650e8400-e29b-41d4-a716-446655440107', 2, '5449000214799', '401-500', 37, 0),
('750e8400-e29b-41d4-a716-446655440533', '650e8400-e29b-41d4-a716-446655440107', 3, '9002491000223', '501-600', 45, 0),
('750e8400-e29b-41d4-a716-446655440534', '650e8400-e29b-41d4-a716-446655440107', 4, '5449000133335', '501-600', 40, 0),
('750e8400-e29b-41d4-a716-446655440535', '650e8400-e29b-41d4-a716-446655440107', 5, '40111445', '201-300', 518, 0);

-- Session 108 Rounds
INSERT INTO ROUND (ROUND_ID, SESSION_ID, ROUND_NUMBER, BARCODE, GUESSED_RANGE, ACTUAL_KCAL, POINTS) VALUES 
('750e8400-e29b-41d4-a716-446655440536', '650e8400-e29b-41d4-a716-446655440108', 1, '40111445', '501-600', 518, 1000),
('750e8400-e29b-41d4-a716-446655440537', '650e8400-e29b-41d4-a716-446655440108', 2, '4056489016914', '301-400', 203, 0),
('750e8400-e29b-41d4-a716-446655440538', '650e8400-e29b-41d4-a716-446655440108', 3, '4025500021207', '0-100', 70, 1000),
('750e8400-e29b-41d4-a716-446655440539', '650e8400-e29b-41d4-a716-446655440108', 4, '4014400916324', '401-500', 343, 0),
('750e8400-e29b-41d4-a716-446655440540', '650e8400-e29b-41d4-a716-446655440108', 5, '5449000000996', '0-100', 42, 1000);

-- Session 109 Rounds
INSERT INTO ROUND (ROUND_ID, SESSION_ID, ROUND_NUMBER, BARCODE, GUESSED_RANGE, ACTUAL_KCAL, POINTS) VALUES 
('750e8400-e29b-41d4-a716-446655440541', '650e8400-e29b-41d4-a716-446655440109', 1, '4000467026003', '0-100', 329, 0),
('750e8400-e29b-41d4-a716-446655440542', '650e8400-e29b-41d4-a716-446655440109', 2, '8410100017686', '301-400', 478, 0),
('750e8400-e29b-41d4-a716-446655440543', '650e8400-e29b-41d4-a716-446655440109', 3, '4056489011293', '301-400', 236, 0),
('750e8400-e29b-41d4-a716-446655440544', '650e8400-e29b-41d4-a716-446655440109', 4, '8410076472106', '501-600', 391, 0),
('750e8400-e29b-41d4-a716-446655440545', '650e8400-e29b-41d4-a716-446655440109', 5, '4260231221476', '0-100', 41, 1000);

-- Session 110 Rounds
INSERT INTO ROUND (ROUND_ID, SESSION_ID, ROUND_NUMBER, BARCODE, GUESSED_RANGE, ACTUAL_KCAL, POINTS) VALUES 
('750e8400-e29b-41d4-a716-446655440546', '650e8400-e29b-41d4-a716-446655440110', 1, '4000417025005', '501-600', 560, 1000),
('750e8400-e29b-41d4-a716-446655440547', '650e8400-e29b-41d4-a716-446655440110', 2, '5449000133335', '0-100', 40, 1000),
('750e8400-e29b-41d4-a716-446655440548', '650e8400-e29b-41d4-a716-446655440110', 3, '5449000214911', '401-500', 38, 0),
('750e8400-e29b-41d4-a716-446655440549', '650e8400-e29b-41d4-a716-446655440110', 4, '4000446010007', '301-400', 486, 0),
('750e8400-e29b-41d4-a716-446655440550', '650e8400-e29b-41d4-a716-446655440110', 5, '7613035937253', '501-600', 417, 0);

-- Session 111 Rounds
INSERT INTO ROUND (ROUND_ID, SESSION_ID, ROUND_NUMBER, BARCODE, GUESSED_RANGE, ACTUAL_KCAL, POINTS) VALUES 
('750e8400-e29b-41d4-a716-446655440551', '650e8400-e29b-41d4-a716-446655440111', 1, '4000400127600', '0-100', 460, 0),
('750e8400-e29b-41d4-a716-446655440552', '650e8400-e29b-41d4-a716-446655440111', 2, '7622210743664', '401-500', 535, 0),
('750e8400-e29b-41d4-a716-446655440553', '650e8400-e29b-41d4-a716-446655440111', 3, '4000446010007', '201-300', 486, 0),
('750e8400-e29b-41d4-a716-446655440554', '650e8400-e29b-41d4-a716-446655440111', 4, '7622210449283', '401-500', 530, 0),
('750e8400-e29b-41d4-a716-446655440555', '650e8400-e29b-41d4-a716-446655440111', 5, '4000417025005', '501-600', 560, 1000);

-- Session 112 Rounds
INSERT INTO ROUND (ROUND_ID, SESSION_ID, ROUND_NUMBER, BARCODE, GUESSED_RANGE, ACTUAL_KCAL, POINTS) VALUES 
('750e8400-e29b-41d4-a716-446655440556', '650e8400-e29b-41d4-a716-446655440112', 1, '8410076472106', '101-200', 391, 0),
('750e8400-e29b-41d4-a716-446655440557', '650e8400-e29b-41d4-a716-446655440112', 2, '7613033089089', '0-100', 375, 0),
('750e8400-e29b-41d4-a716-446655440558', '650e8400-e29b-41d4-a716-446655440112', 3, '5000159484237', '301-400', 488, 0),
('750e8400-e29b-41d4-a716-446655440559', '650e8400-e29b-41d4-a716-446655440112', 4, '4001724005001', '501-600', 522, 1000),
('750e8400-e29b-41d4-a716-446655440560', '650e8400-e29b-41d4-a716-446655440112', 5, '4011100003699', '401-500', 574, 0);

-- Session 113 Rounds
INSERT INTO ROUND (ROUND_ID, SESSION_ID, ROUND_NUMBER, BARCODE, GUESSED_RANGE, ACTUAL_KCAL, POINTS) VALUES 
('750e8400-e29b-41d4-a716-446655440561', '650e8400-e29b-41d4-a716-446655440113', 1, '9002491000223', '301-400', 45, 0),
('750e8400-e29b-41d4-a716-446655440562', '650e8400-e29b-41d4-a716-446655440113', 2, '5449000000996', '101-200', 42, 0),
('750e8400-e29b-41d4-a716-446655440563', '650e8400-e29b-41d4-a716-446655440113', 3, '4311596484294', '201-300', 217, 1000),
('750e8400-e29b-41d4-a716-446655440564', '650e8400-e29b-41d4-a716-446655440113', 4, '5449000000996', '501-600', 42, 0),
('750e8400-e29b-41d4-a716-446655440565', '650e8400-e29b-41d4-a716-446655440113', 5, '4311596484294', '401-500', 217, 0);

-- Session 114 Rounds
INSERT INTO ROUND (ROUND_ID, SESSION_ID, ROUND_NUMBER, BARCODE, GUESSED_RANGE, ACTUAL_KCAL, POINTS) VALUES 
('750e8400-e29b-41d4-a716-446655440566', '650e8400-e29b-41d4-a716-446655440114', 1, '7622210743664', '501-600', 535, 1000),
('750e8400-e29b-41d4-a716-446655440567', '650e8400-e29b-41d4-a716-446655440114', 2, '40111445', '101-200', 518, 0),
('750e8400-e29b-41d4-a716-446655440568', '650e8400-e29b-41d4-a716-446655440114', 3, '5449000133335', '301-400', 40, 0),
('750e8400-e29b-41d4-a716-446655440569', '650e8400-e29b-41d4-a716-446655440114', 4, '5449000214911', '101-200', 38, 0),
('750e8400-e29b-41d4-a716-446655440570', '650e8400-e29b-41d4-a716-446655440114', 5, '5000354854392', '401-500', 357, 0);

-- Session 115 Rounds
INSERT INTO ROUND (ROUND_ID, SESSION_ID, ROUND_NUMBER, BARCODE, GUESSED_RANGE, ACTUAL_KCAL, POINTS) VALUES 
('750e8400-e29b-41d4-a716-446655440571', '650e8400-e29b-41d4-a716-446655440115', 1, '8410100017686', '401-500', 478, 1000),
('750e8400-e29b-41d4-a716-446655440572', '650e8400-e29b-41d4-a716-446655440115', 2, '8410076472106', '101-200', 391, 0),
('750e8400-e29b-41d4-a716-446655440573', '650e8400-e29b-41d4-a716-446655440115', 3, '4025500021412', '0-100', 112, 0),
('750e8400-e29b-41d4-a716-446655440574', '650e8400-e29b-41d4-a716-446655440115', 4, '7622210449900', '401-500', 524, 0),
('750e8400-e29b-41d4-a716-446655440575', '650e8400-e29b-41d4-a716-446655440115', 5, '7622210449900', '501-600', 524, 1000);

-- Session 116 Rounds
INSERT INTO ROUND (ROUND_ID, SESSION_ID, ROUND_NUMBER, BARCODE, GUESSED_RANGE, ACTUAL_KCAL, POINTS) VALUES 
('750e8400-e29b-41d4-a716-446655440576', '650e8400-e29b-41d4-a716-446655440116', 1, '4025500021207', '201-300', 70, 0),
('750e8400-e29b-41d4-a716-446655440577', '650e8400-e29b-41d4-a716-446655440116', 2, '5000354854392', '301-400', 357, 1000),
('750e8400-e29b-41d4-a716-446655440578', '650e8400-e29b-41d4-a716-446655440116', 3, '7613033089089', '301-400', 375, 1000),
('750e8400-e29b-41d4-a716-446655440579', '650e8400-e29b-41d4-a716-446655440116', 4, '4260231221476', '0-100', 41, 1000),
('750e8400-e29b-41d4-a716-446655440580', '650e8400-e29b-41d4-a716-446655440116', 5, '4056489000846', '201-300', 280, 1000);

-- Session 117 Rounds
INSERT INTO ROUND (ROUND_ID, SESSION_ID, ROUND_NUMBER, BARCODE, GUESSED_RANGE, ACTUAL_KCAL, POINTS) VALUES 
('750e8400-e29b-41d4-a716-446655440581', '650e8400-e29b-41d4-a716-446655440117', 1, '4000467026003', '501-600', 329, 0),
('750e8400-e29b-41d4-a716-446655440582', '650e8400-e29b-41d4-a716-446655440117', 2, '8410128002862', '501-600', 26, 0),
('750e8400-e29b-41d4-a716-446655440583', '650e8400-e29b-41d4-a716-446655440117', 3, '4056489000846', '501-600', 280, 0),
('750e8400-e29b-41d4-a716-446655440584', '650e8400-e29b-41d4-a716-446655440117', 4, '4000400131119', '301-400', 102, 0),
('750e8400-e29b-41d4-a716-446655440585', '650e8400-e29b-41d4-a716-446655440117', 5, '4014400916324', '401-500', 343, 0);

-- Session 118 Rounds
INSERT INTO ROUND (ROUND_ID, SESSION_ID, ROUND_NUMBER, BARCODE, GUESSED_RANGE, ACTUAL_KCAL, POINTS) VALUES 
('750e8400-e29b-41d4-a716-446655440586', '650e8400-e29b-41d4-a716-446655440118', 1, '5410063011854', '301-400', 90, 0),
('750e8400-e29b-41d4-a716-446655440587', '650e8400-e29b-41d4-a716-446655440118', 2, '8410128002862', '0-100', 26, 1000),
('750e8400-e29b-41d4-a716-446655440588', '650e8400-e29b-41d4-a716-446655440118', 3, '7622210449900', '501-600', 524, 1000),
('750e8400-e29b-41d4-a716-446655440589', '650e8400-e29b-41d4-a716-446655440118', 4, '4056489011293', '0-100', 236, 0),
('750e8400-e29b-41d4-a716-446655440590', '650e8400-e29b-41d4-a716-446655440118', 5, '7613033493195', '101-200', 73, 0);

-- Session 119 Rounds
INSERT INTO ROUND (ROUND_ID, SESSION_ID, ROUND_NUMBER, BARCODE, GUESSED_RANGE, ACTUAL_KCAL, POINTS) VALUES 
('750e8400-e29b-41d4-a716-446655440591', '650e8400-e29b-41d4-a716-446655440119', 1, '4056489000846', '0-100', 280, 0),
('750e8400-e29b-41d4-a716-446655440592', '650e8400-e29b-41d4-a716-446655440119', 2, '5449000133335', '401-500', 40, 0),
('750e8400-e29b-41d4-a716-446655440593', '650e8400-e29b-41d4-a716-446655440119', 3, '4056489011293', '0-100', 236, 0),
('750e8400-e29b-41d4-a716-446655440594', '650e8400-e29b-41d4-a716-446655440119', 4, '5410063011854', '501-600', 90, 0),
('750e8400-e29b-41d4-a716-446655440595', '650e8400-e29b-41d4-a716-446655440119', 5, '4056489000846', '201-300', 280, 1000);

-- Session 120 Rounds
INSERT INTO ROUND (ROUND_ID, SESSION_ID, ROUND_NUMBER, BARCODE, GUESSED_RANGE, ACTUAL_KCAL, POINTS) VALUES 
('750e8400-e29b-41d4-a716-446655440596', '650e8400-e29b-41d4-a716-446655440120', 1, '4260231221476', '201-300', 41, 0),
('750e8400-e29b-41d4-a716-446655440597', '650e8400-e29b-41d4-a716-446655440120', 2, '4000417025005', '201-300', 560, 0),
('750e8400-e29b-41d4-a716-446655440598', '650e8400-e29b-41d4-a716-446655440120', 3, '5449000214911', '201-300', 38, 0),
('750e8400-e29b-41d4-a716-446655440599', '650e8400-e29b-41d4-a716-446655440120', 4, '7622210449283', '301-400', 530, 0),
('750e8400-e29b-41d4-a716-446655440600', '650e8400-e29b-41d4-a716-446655440120', 5, '5410063011854', '501-600', 90, 0);



-- ============================================================================
-- LEADERBOARD TEST DATA
-- ============================================================================
-- 100 Leaderboard Einträge basierend auf den ersten 100 Game Sessions
-- ============================================================================
INSERT INTO LEADERBOARD_ENTRY (ENTRY_ID, PLAYER_ID, SESSION_ID, RANK, SCORE, ACHIEVED_AT) VALUES 
('850e8400-e29b-41d4-a716-446655440001', '550e8400-e29b-41d4-a716-446655440001', '650e8400-e29b-41d4-a716-446655440001', 1, 4850, '2025-02-10 14:15:00'),
('850e8400-e29b-41d4-a716-446655440002', '550e8400-e29b-41d4-a716-446655440002', '650e8400-e29b-41d4-a716-446655440002', 2, 4720, '2025-02-10 15:14:00'),
('850e8400-e29b-41d4-a716-446655440003', '550e8400-e29b-41d4-a716-446655440003', '650e8400-e29b-41d4-a716-446655440003', 3, 4590, '2025-02-10 16:13:00'),
('850e8400-e29b-41d4-a716-446655440004', '550e8400-e29b-41d4-a716-446655440004', '650e8400-e29b-41d4-a716-446655440004', 4, 4480, '2025-02-10 17:12:00'),
('850e8400-e29b-41d4-a716-446655440005', '550e8400-e29b-41d4-a716-446655440005', '650e8400-e29b-41d4-a716-446655440005', 5, 4360, '2025-02-10 18:16:00'),
('850e8400-e29b-41d4-a716-446655440006', '550e8400-e29b-41d4-a716-446655440006', '650e8400-e29b-41d4-a716-446655440006', 6, 4250, '2025-02-10 19:14:00'),
('850e8400-e29b-41d4-a716-446655440007', '550e8400-e29b-41d4-a716-446655440007', '650e8400-e29b-41d4-a716-446655440007', 7, 4130, '2025-02-10 20:15:00'),
('850e8400-e29b-41d4-a716-446655440008', '550e8400-e29b-41d4-a716-446655440008', '650e8400-e29b-41d4-a716-446655440008', 8, 4020, '2025-02-11 09:13:00'),
('850e8400-e29b-41d4-a716-446655440009', '550e8400-e29b-41d4-a716-446655440009', '650e8400-e29b-41d4-a716-446655440009', 9, 3910, '2025-02-11 10:12:00'),
('850e8400-e29b-41d4-a716-446655440010', '550e8400-e29b-41d4-a716-446655440010', '650e8400-e29b-41d4-a716-446655440010', 10, 3800, '2025-02-11 11:14:00'),
('850e8400-e29b-41d4-a716-446655440011', '550e8400-e29b-41d4-a716-446655440011', '650e8400-e29b-41d4-a716-446655440011', 11, 3690, '2025-02-11 12:16:00'),
('850e8400-e29b-41d4-a716-446655440012', '550e8400-e29b-41d4-a716-446655440012', '650e8400-e29b-41d4-a716-446655440012', 12, 3580, '2025-02-11 13:15:00'),
('850e8400-e29b-41d4-a716-446655440013', '550e8400-e29b-41d4-a716-446655440013', '650e8400-e29b-41d4-a716-446655440013', 13, 3470, '2025-02-11 14:13:00'),
('850e8400-e29b-41d4-a716-446655440014', '550e8400-e29b-41d4-a716-446655440014', '650e8400-e29b-41d4-a716-446655440014', 14, 3360, '2025-02-11 15:14:00'),
('850e8400-e29b-41d4-a716-446655440015', '550e8400-e29b-41d4-a716-446655440015', '650e8400-e29b-41d4-a716-446655440015', 15, 3250, '2025-02-11 16:12:00'),
('850e8400-e29b-41d4-a716-446655440016', '550e8400-e29b-41d4-a716-446655440016', '650e8400-e29b-41d4-a716-446655440016', 16, 3140, '2025-02-11 17:15:00'),
('850e8400-e29b-41d4-a716-446655440017', '550e8400-e29b-41d4-a716-446655440017', '650e8400-e29b-41d4-a716-446655440017', 17, 3030, '2025-02-11 18:13:00'),
('850e8400-e29b-41d4-a716-446655440018', '550e8400-e29b-41d4-a716-446655440018', '650e8400-e29b-41d4-a716-446655440018', 18, 2920, '2025-02-11 19:14:00'),
('850e8400-e29b-41d4-a716-446655440019', '550e8400-e29b-41d4-a716-446655440019', '650e8400-e29b-41d4-a716-446655440019', 19, 2810, '2025-02-11 20:12:00'),
('850e8400-e29b-41d4-a716-446655440020', '550e8400-e29b-41d4-a716-446655440020', '650e8400-e29b-41d4-a716-446655440020', 20, 2700, '2025-02-12 08:15:00'),
('850e8400-e29b-41d4-a716-446655440021', '550e8400-e29b-41d4-a716-446655440021', '650e8400-e29b-41d4-a716-446655440021', 21, 2600, '2025-02-12 09:13:00'),
('850e8400-e29b-41d4-a716-446655440022', '550e8400-e29b-41d4-a716-446655440022', '650e8400-e29b-41d4-a716-446655440022', 22, 2500, '2025-02-12 10:14:00'),
('850e8400-e29b-41d4-a716-446655440023', '550e8400-e29b-41d4-a716-446655440023', '650e8400-e29b-41d4-a716-446655440023', 23, 2400, '2025-02-12 11:12:00'),
('850e8400-e29b-41d4-a716-446655440024', '550e8400-e29b-41d4-a716-446655440024', '650e8400-e29b-41d4-a716-446655440024', 24, 2320, '2025-02-10 08:15:00'),
('850e8400-e29b-41d4-a716-446655440025', '550e8400-e29b-41d4-a716-446655440025', '650e8400-e29b-41d4-a716-446655440025', 25, 2240, '2025-02-10 09:13:00'),
('850e8400-e29b-41d4-a716-446655440026', '550e8400-e29b-41d4-a716-446655440026', '650e8400-e29b-41d4-a716-446655440026', 26, 2160, '2025-02-10 10:14:00'),
('850e8400-e29b-41d4-a716-446655440027', '550e8400-e29b-41d4-a716-446655440027', '650e8400-e29b-41d4-a716-446655440027', 27, 2080, '2025-02-10 11:12:00'),
('850e8400-e29b-41d4-a716-446655440028', '550e8400-e29b-41d4-a716-446655440028', '650e8400-e29b-41d4-a716-446655440028', 28, 2000, '2025-02-10 12:15:00'),
('850e8400-e29b-41d4-a716-446655440029', '550e8400-e29b-41d4-a716-446655440029', '650e8400-e29b-41d4-a716-446655440029', 29, 1950, '2025-02-10 13:13:00'),
('850e8400-e29b-41d4-a716-446655440030', '550e8400-e29b-41d4-a716-446655440030', '650e8400-e29b-41d4-a716-446655440030', 30, 1900, '2025-02-09 14:14:00'),
('850e8400-e29b-41d4-a716-446655440031', '550e8400-e29b-41d4-a716-446655440031', '650e8400-e29b-41d4-a716-446655440031', 31, 1850, '2025-02-09 15:12:00'),
('850e8400-e29b-41d4-a716-446655440032', '550e8400-e29b-41d4-a716-446655440032', '650e8400-e29b-41d4-a716-446655440032', 32, 1800, '2025-02-09 16:15:00'),
('850e8400-e29b-41d4-a716-446655440033', '550e8400-e29b-41d4-a716-446655440033', '650e8400-e29b-41d4-a716-446655440033', 33, 1750, '2025-02-09 17:13:00'),
('850e8400-e29b-41d4-a716-446655440034', '550e8400-e29b-41d4-a716-446655440034', '650e8400-e29b-41d4-a716-446655440034', 34, 1700, '2025-02-09 18:14:00'),
('850e8400-e29b-41d4-a716-446655440035', '550e8400-e29b-41d4-a716-446655440035', '650e8400-e29b-41d4-a716-446655440035', 35, 1650, '2025-02-09 19:12:00'),
('850e8400-e29b-41d4-a716-446655440036', '550e8400-e29b-41d4-a716-446655440036', '650e8400-e29b-41d4-a716-446655440036', 36, 1600, '2025-02-09 20:15:00'),
('850e8400-e29b-41d4-a716-446655440037', '550e8400-e29b-41d4-a716-446655440037', '650e8400-e29b-41d4-a716-446655440037', 37, 1550, '2025-02-08 08:13:00'),
('850e8400-e29b-41d4-a716-446655440038', '550e8400-e29b-41d4-a716-446655440038', '650e8400-e29b-41d4-a716-446655440038', 38, 1500, '2025-02-08 09:14:00'),
('850e8400-e29b-41d4-a716-446655440039', '550e8400-e29b-41d4-a716-446655440039', '650e8400-e29b-41d4-a716-446655440039', 39, 1470, '2025-02-08 10:12:00'),
('850e8400-e29b-41d4-a716-446655440040', '550e8400-e29b-41d4-a716-446655440040', '650e8400-e29b-41d4-a716-446655440040', 40, 1440, '2025-02-08 11:15:00'),
('850e8400-e29b-41d4-a716-446655440041', '550e8400-e29b-41d4-a716-446655440041', '650e8400-e29b-41d4-a716-446655440041', 41, 1410, '2025-02-08 12:13:00'),
('850e8400-e29b-41d4-a716-446655440042', '550e8400-e29b-41d4-a716-446655440042', '650e8400-e29b-41d4-a716-446655440042', 42, 1380, '2025-02-08 13:14:00'),
('850e8400-e29b-41d4-a716-446655440043', '550e8400-e29b-41d4-a716-446655440043', '650e8400-e29b-41d4-a716-446655440043', 43, 1350, '2025-02-08 14:12:00'),
('850e8400-e29b-41d4-a716-446655440044', '550e8400-e29b-41d4-a716-446655440044', '650e8400-e29b-41d4-a716-446655440044', 44, 1320, '2025-02-08 15:15:00'),
('850e8400-e29b-41d4-a716-446655440045', '550e8400-e29b-41d4-a716-446655440045', '650e8400-e29b-41d4-a716-446655440045', 45, 1290, '2025-02-08 16:13:00'),
('850e8400-e29b-41d4-a716-446655440046', '550e8400-e29b-41d4-a716-446655440046', '650e8400-e29b-41d4-a716-446655440046', 46, 1260, '2025-02-08 17:14:00'),
('850e8400-e29b-41d4-a716-446655440047', '550e8400-e29b-41d4-a716-446655440047', '650e8400-e29b-41d4-a716-446655440047', 47, 1230, '2025-02-08 18:12:00'),
('850e8400-e29b-41d4-a716-446655440048', '550e8400-e29b-41d4-a716-446655440048', '650e8400-e29b-41d4-a716-446655440048', 48, 1200, '2025-02-08 19:15:00'),
('850e8400-e29b-41d4-a716-446655440049', '550e8400-e29b-41d4-a716-446655440049', '650e8400-e29b-41d4-a716-446655440049', 49, 1180, '2025-02-08 20:13:00'),
('850e8400-e29b-41d4-a716-446655440050', '550e8400-e29b-41d4-a716-446655440050', '650e8400-e29b-41d4-a716-446655440050', 50, 1160, '2025-02-07 08:14:00');
INSERT INTO LEADERBOARD_ENTRY (ENTRY_ID, PLAYER_ID, SESSION_ID, RANK, SCORE, ACHIEVED_AT) VALUES 
('850e8400-e29b-41d4-a716-446655440051', '550e8400-e29b-41d4-a716-446655440051', '650e8400-e29b-41d4-a716-446655440051', 51, 1140, '2025-02-07 09:12:00'),
('850e8400-e29b-41d4-a716-446655440052', '550e8400-e29b-41d4-a716-446655440052', '650e8400-e29b-41d4-a716-446655440052', 52, 1120, '2025-02-07 10:15:00'),
('850e8400-e29b-41d4-a716-446655440053', '550e8400-e29b-41d4-a716-446655440053', '650e8400-e29b-41d4-a716-446655440053', 53, 1100, '2025-02-07 11:13:00'),
('850e8400-e29b-41d4-a716-446655440054', '550e8400-e29b-41d4-a716-446655440054', '650e8400-e29b-41d4-a716-446655440054', 54, 1080, '2025-02-07 12:14:00'),
('850e8400-e29b-41d4-a716-446655440055', '550e8400-e29b-41d4-a716-446655440055', '650e8400-e29b-41d4-a716-446655440055', 55, 1060, '2025-02-07 13:12:00'),
('850e8400-e29b-41d4-a716-446655440056', '550e8400-e29b-41d4-a716-446655440056', '650e8400-e29b-41d4-a716-446655440056', 56, 1040, '2025-02-07 14:15:00'),
('850e8400-e29b-41d4-a716-446655440057', '550e8400-e29b-41d4-a716-446655440057', '650e8400-e29b-41d4-a716-446655440057', 57, 1020, '2025-02-07 15:13:00'),
('850e8400-e29b-41d4-a716-446655440058', '550e8400-e29b-41d4-a716-446655440058', '650e8400-e29b-41d4-a716-446655440058', 58, 1000, '2025-02-07 16:14:00'),
('850e8400-e29b-41d4-a716-446655440059', '550e8400-e29b-41d4-a716-446655440059', '650e8400-e29b-41d4-a716-446655440059', 59, 980, '2025-02-07 17:12:00'),
('850e8400-e29b-41d4-a716-446655440060', '550e8400-e29b-41d4-a716-446655440060', '650e8400-e29b-41d4-a716-446655440060', 60, 960, '2025-02-07 18:15:00'),
('850e8400-e29b-41d4-a716-446655440061', '550e8400-e29b-41d4-a716-446655440061', '650e8400-e29b-41d4-a716-446655440061', 61, 940, '2025-02-06 08:13:00'),
('850e8400-e29b-41d4-a716-446655440062', '550e8400-e29b-41d4-a716-446655440062', '650e8400-e29b-41d4-a716-446655440062', 62, 920, '2025-02-06 09:14:00'),
('850e8400-e29b-41d4-a716-446655440063', '550e8400-e29b-41d4-a716-446655440063', '650e8400-e29b-41d4-a716-446655440063', 63, 900, '2025-02-06 10:12:00'),
('850e8400-e29b-41d4-a716-446655440064', '550e8400-e29b-41d4-a716-446655440064', '650e8400-e29b-41d4-a716-446655440064', 64, 880, '2025-02-06 11:15:00'),
('850e8400-e29b-41d4-a716-446655440065', '550e8400-e29b-41d4-a716-446655440065', '650e8400-e29b-41d4-a716-446655440065', 65, 860, '2025-02-06 12:13:00'),
('850e8400-e29b-41d4-a716-446655440066', '550e8400-e29b-41d4-a716-446655440066', '650e8400-e29b-41d4-a716-446655440066', 66, 840, '2025-02-06 13:14:00'),
('850e8400-e29b-41d4-a716-446655440067', '550e8400-e29b-41d4-a716-446655440067', '650e8400-e29b-41d4-a716-446655440067', 67, 820, '2025-02-06 14:12:00'),
('850e8400-e29b-41d4-a716-446655440068', '550e8400-e29b-41d4-a716-446655440068', '650e8400-e29b-41d4-a716-446655440068', 68, 800, '2025-02-06 15:15:00'),
('850e8400-e29b-41d4-a716-446655440069', '550e8400-e29b-41d4-a716-446655440069', '650e8400-e29b-41d4-a716-446655440069', 69, 780, '2025-02-06 16:13:00'),
('850e8400-e29b-41d4-a716-446655440070', '550e8400-e29b-41d4-a716-446655440070', '650e8400-e29b-41d4-a716-446655440070', 70, 760, '2025-02-06 17:14:00'),
('850e8400-e29b-41d4-a716-446655440071', '550e8400-e29b-41d4-a716-446655440071', '650e8400-e29b-41d4-a716-446655440071', 71, 740, '2025-02-05 08:12:00'),
('850e8400-e29b-41d4-a716-446655440072', '550e8400-e29b-41d4-a716-446655440072', '650e8400-e29b-41d4-a716-446655440072', 72, 720, '2025-02-05 09:15:00'),
('850e8400-e29b-41d4-a716-446655440073', '550e8400-e29b-41d4-a716-446655440073', '650e8400-e29b-41d4-a716-446655440073', 73, 700, '2025-02-05 10:13:00'),
('850e8400-e29b-41d4-a716-446655440074', '550e8400-e29b-41d4-a716-446655440074', '650e8400-e29b-41d4-a716-446655440074', 74, 680, '2025-02-05 11:14:00'),
('850e8400-e29b-41d4-a716-446655440075', '550e8400-e29b-41d4-a716-446655440075', '650e8400-e29b-41d4-a716-446655440075', 75, 660, '2025-02-05 12:12:00'),
('850e8400-e29b-41d4-a716-446655440076', '550e8400-e29b-41d4-a716-446655440076', '650e8400-e29b-41d4-a716-446655440076', 76, 640, '2025-02-05 13:15:00'),
('850e8400-e29b-41d4-a716-446655440077', '550e8400-e29b-41d4-a716-446655440077', '650e8400-e29b-41d4-a716-446655440077', 77, 620, '2025-02-05 14:13:00'),
('850e8400-e29b-41d4-a716-446655440078', '550e8400-e29b-41d4-a716-446655440078', '650e8400-e29b-41d4-a716-446655440078', 78, 600, '2025-02-05 15:14:00'),
('850e8400-e29b-41d4-a716-446655440079', '550e8400-e29b-41d4-a716-446655440079', '650e8400-e29b-41d4-a716-446655440079', 79, 580, '2025-02-05 16:12:00'),
('850e8400-e29b-41d4-a716-446655440080', '550e8400-e29b-41d4-a716-446655440080', '650e8400-e29b-41d4-a716-446655440080', 80, 560, '2025-02-05 17:15:00'),
('850e8400-e29b-41d4-a716-446655440081', '550e8400-e29b-41d4-a716-446655440081', '650e8400-e29b-41d4-a716-446655440081', 81, 540, '2025-02-04 08:13:00'),
('850e8400-e29b-41d4-a716-446655440082', '550e8400-e29b-41d4-a716-446655440082', '650e8400-e29b-41d4-a716-446655440082', 82, 520, '2025-02-04 09:14:00'),
('850e8400-e29b-41d4-a716-446655440083', '550e8400-e29b-41d4-a716-446655440083', '650e8400-e29b-41d4-a716-446655440083', 83, 500, '2025-02-04 10:12:00'),
('850e8400-e29b-41d4-a716-446655440084', '550e8400-e29b-41d4-a716-446655440084', '650e8400-e29b-41d4-a716-446655440084', 84, 480, '2025-02-04 11:15:00'),
('850e8400-e29b-41d4-a716-446655440085', '550e8400-e29b-41d4-a716-446655440085', '650e8400-e29b-41d4-a716-446655440085', 85, 460, '2025-02-04 12:13:00'),
('850e8400-e29b-41d4-a716-446655440086', '550e8400-e29b-41d4-a716-446655440086', '650e8400-e29b-41d4-a716-446655440086', 86, 440, '2025-02-04 13:14:00'),
('850e8400-e29b-41d4-a716-446655440087', '550e8400-e29b-41d4-a716-446655440087', '650e8400-e29b-41d4-a716-446655440087', 87, 420, '2025-02-04 14:12:00'),
('850e8400-e29b-41d4-a716-446655440088', '550e8400-e29b-41d4-a716-446655440088', '650e8400-e29b-41d4-a716-446655440088', 88, 400, '2025-02-04 15:15:00'),
('850e8400-e29b-41d4-a716-446655440089', '550e8400-e29b-41d4-a716-446655440089', '650e8400-e29b-41d4-a716-446655440089', 89, 380, '2025-02-04 16:13:00'),
('850e8400-e29b-41d4-a716-446655440090', '550e8400-e29b-41d4-a716-446655440090', '650e8400-e29b-41d4-a716-446655440090', 90, 360, '2025-02-04 17:14:00'),
('850e8400-e29b-41d4-a716-446655440091', '550e8400-e29b-41d4-a716-446655440091', '650e8400-e29b-41d4-a716-446655440091', 91, 340, '2025-02-03 08:12:00'),
('850e8400-e29b-41d4-a716-446655440092', '550e8400-e29b-41d4-a716-446655440092', '650e8400-e29b-41d4-a716-446655440092', 92, 320, '2025-02-03 09:15:00'),
('850e8400-e29b-41d4-a716-446655440093', '550e8400-e29b-41d4-a716-446655440093', '650e8400-e29b-41d4-a716-446655440093', 93, 300, '2025-02-03 10:13:00'),
('850e8400-e29b-41d4-a716-446655440094', '550e8400-e29b-41d4-a716-446655440094', '650e8400-e29b-41d4-a716-446655440094', 94, 280, '2025-02-03 11:14:00'),
('850e8400-e29b-41d4-a716-446655440095', '550e8400-e29b-41d4-a716-446655440095', '650e8400-e29b-41d4-a716-446655440095', 95, 260, '2025-02-03 12:12:00'),
('850e8400-e29b-41d4-a716-446655440096', '550e8400-e29b-41d4-a716-446655440096', '650e8400-e29b-41d4-a716-446655440096', 96, 240, '2025-02-03 13:15:00'),
('850e8400-e29b-41d4-a716-446655440097', '550e8400-e29b-41d4-a716-446655440097', '650e8400-e29b-41d4-a716-446655440097', 97, 220, '2025-02-03 14:13:00'),
('850e8400-e29b-41d4-a716-446655440098', '550e8400-e29b-41d4-a716-446655440098', '650e8400-e29b-41d4-a716-446655440098', 98, 200, '2025-02-03 15:14:00'),
('850e8400-e29b-41d4-a716-446655440099', '550e8400-e29b-41d4-a716-446655440099', '650e8400-e29b-41d4-a716-446655440099', 99, 180, '2025-02-03 16:12:00'),
('850e8400-e29b-41d4-a716-446655440100', '550e8400-e29b-41d4-a716-446655440100', '650e8400-e29b-41d4-a716-446655440100', 100, 160, '2025-02-03 17:15:00');


